,COOLDUTY.0,ES0_TEMP.0,HTR_DUTY.0,SNK_TEMP.0,COOLDUTY.1,ES0_TEMP.1,HTR_DUTY.1,SNK_TEMP.1,COOLDUTY.2,ES0_TEMP.2,HTR_DUTY.2,SNK_TEMP.2,COOLDUTY.3,ES0_TEMP.3,HTR_DUTY.3,SNK_TEMP.3,COOLDUTY.4,ES0_TEMP.4,HTR_DUTY.4,SNK_TEMP.4,COOLDUTY.5,ES0_TEMP.5,HTR_DUTY.5,SNK_TEMP.5,COOLDUTY.6,ES0_TEMP.6,HTR_DUTY.6,SNK_TEMP.6,COOLDUTY.7,ES0_TEMP.7,HTR_DUTY.7,SNK_TEMP.7
0,0.0,62.7,0.0,26.3,0.0,57.5,0.0,25.1,0.0,-99.9,0.0,25.5,0.0,-99.9,0.0,24.5,0.0,-99.9,0.0,24.6,0.0,63.8,0.0,24.3,0.0,62.2,0.0,24.7,0.0,-99.9,0.0,24.4
1,0.0,61.9,0.0,26.2,0.0,57.5,0.0,25.1,0.0,-99.9,0.0,25.4,0.0,-99.9,0.0,24.5,0.0,-99.9,0.0,24.6,0.0,63.8,0.0,24.4,0.0,63.0,0.0,24.7,0.0,-99.9,0.0,24.4
2,0.0,62.0,0.0,26.3,0.0,57.4,0.0,25.1,0.0,-99.9,0.0,25.4,0.0,-99.9,0.0,24.5,0.0,-99.9,0.0,24.6,0.0,63.7,0.0,24.4,0.0,62.2,0.0,24.7,0.0,-99.9,0.0,24.4
3,0.0,62.2,0.0,26.2,0.0,57.8,0.0,25.1,0.0,-99.9,0.0,25.4,0.0,-99.9,0.0,24.5,0.0,-99.9,0.0,24.6,0.0,64.0,0.0,24.4,0.0,62.5,0.0,24.8,0.0,-99.9,0.0,24.4
4,0.0,62.4,0.0,26.2,0.0,57.5,0.0,25.0,0.0,-99.9,0.0,25.4,0.0,-99.9,0.0,24.5,0.0,-99.9,0.0,24.6,0.0,63.5,0.0,24.4,0.0,62.5,0.0,24.8,0.0,-99.9,0.0,24.4
5,0.0,62.2,0.0,26.2,0.0,57.2,0.0,25.0,0.0,-99.9,0.0,25.4,0.0,-99.9,0.0,24.5,0.0,-99.9,0.0,24.6,0.0,63.5,0.0,24.4,0.0,62.2,0.0,24.8,0.0,-99.9,0.0,24.4
6,0.4,62.0,0.0,26.1,0.4,57.2,0.0,25.0,0.0,-99.9,0.0,25.5,0.0,-99.9,0.0,24.5,0.0,-99.9,0.0,24.6,0.4,63.9,5.9,24.4,0.4,62.2,2.0,24.8,0.0,-99.9,0.0,24.4
7,0.4,62.0,0.0,26.1,0.4,57.6,0.0,25.0,0.0,-99.9,0.0,25.4,0.0,-99.9,0.0,24.6,0.0,-99.9,0.0,24.6,0.4,64.0,5.5,24.5,0.4,62.3,2.0,24.8,0.0,-99.9,0.0,24.4
8,0.4,30.2,0.0,26.1,0.4,30.0,0.0,25.0,0.0,-99.9,0.0,25.4,0.0,-99.9,0.0,24.5,0.0,-99.9,0.0,24.6,0.4,29.0,4.3,24.6,0.4,28.8,1.2,24.9,0.0,-99.9,0.0,24.4
9,4.7,30.8,0.0,26.1,4.7,30.1,0.0,25.0,0.0,-99.9,0.0,25.5,0.0,-99.9,0.0,24.5,0.0,-99.9,0.0,24.6,4.8,29.5,2.7,24.8,4.7,29.1,0.8,24.9,0.0,-99.9,0.0,24.4
10,0.4,31.4,100.0,26.4,0.4,30.8,100.0,25.3,0.0,-99.9,0.0,25.4,0.0,-99.9,0.0,24.6,0.0,-99.9,0.0,24.5,0.4,29.7,100.0,25.2,0.4,29.4,100.0,25.2,0.0,-99.9,0.0,24.5
11,0.4,32.2,100.0,28.1,0.4,31.5,100.0,26.8,0.0,-99.9,0.0,25.4,0.0,-99.9,0.0,24.6,0.0,-99.9,0.0,24.6,0.4,30.5,100.0,27.1,0.4,30.2,100.0,27.2,0.0,-99.9,0.0,24.5
12,1.1,47.2,100.0,30.6,1.0,43.9,100.0,29.4,0.0,-99.9,0.0,25.4,0.0,-99.9,0.0,24.6,0.0,-99.9,0.0,24.6,1.1,41.9,100.0,29.8,1.1,41.6,100.0,29.9,0.0,-99.9,0.0,24.5
13,0.4,47.2,100.0,34.0,0.4,46.0,100.0,32.7,0.0,-99.9,0.0,25.4,0.0,-99.9,0.0,24.6,0.0,-99.9,0.0,24.6,0.4,43.3,100.0,32.8,0.4,42.9,100.0,32.9,0.0,-99.9,0.0,24.5
14,0.5,50.0,100.0,37.4,0.5,48.7,100.0,36.3,0.0,-99.9,0.0,25.4,0.0,-99.9,0.0,24.6,0.0,-99.9,0.0,24.6,0.5,45.6,100.0,35.9,0.5,45.1,100.0,36.1,0.0,-99.9,0.0,24.5
15,0.5,52.9,100.0,40.2,0.5,51.6,100.0,39.7,0.0,-99.9,0.0,25.4,0.0,-99.9,0.0,24.6,0.0,-99.9,0.0,24.6,0.5,48.2,100.0,38.7,0.5,47.6,100.0,38.8,0.0,-99.9,0.0,24.5
16,0.6,55.6,100.0,43.0,0.5,54.6,100.0,43.0,0.0,-99.9,0.0,25.4,0.0,-99.9,0.0,24.6,0.0,-99.9,0.0,24.6,0.5,50.3,100.0,41.2,0.5,49.7,100.0,41.3,0.0,-99.9,0.0,24.5
17,1.0,58.5,99.6,45.0,1.0,57.4,100.0,45.9,0.0,-99.9,0.0,25.4,0.0,-99.9,0.0,24.6,0.0,-99.9,0.0,24.6,0.9,53.0,100.0,43.5,0.9,52.5,100.0,43.5,0.0,-99.9,0.0,24.5
18,1.1,60.3,83.9,46.6,1.1,59.6,89.4,48.1,0.0,-99.9,0.0,25.4,0.0,-99.9,0.0,24.6,0.0,-99.9,0.0,24.6,1.0,55.2,100.0,45.3,1.0,54.6,100.0,45.3,0.0,-99.9,0.0,24.5
19,1.2,62.5,65.5,47.8,1.1,61.8,71.0,50.0,0.0,-99.9,0.0,25.4,0.0,-99.9,0.0,24.6,0.0,-99.9,0.0,24.6,1.1,57.4,100.0,47.2,1.1,56.4,100.0,47.1,0.0,-99.9,0.0,24.5
20,1.3,63.6,56.5,49.0,1.3,63.4,57.3,51.4,0.0,-99.9,0.0,25.5,0.0,-99.9,0.0,24.6,0.0,-99.9,0.0,24.6,1.2,59.2,92.5,49.1,1.2,58.5,99.6,49.0,0.0,-99.9,0.0,24.5
21,1.7,64.1,52.2,49.0,1.6,64.8,44.7,52.0,0.0,-99.9,0.0,25.5,0.0,-99.9,0.0,24.6,0.0,-99.9,0.0,24.6,1.5,61.3,74.5,50.5,1.5,60.6,80.4,50.3,0.0,-99.9,0.0,24.5
22,1.7,64.6,48.6,48.9,1.7,65.4,40.0,52.0,0.0,-99.9,0.0,25.5,0.0,-99.9,0.0,24.6,0.0,-99.9,0.0,24.6,1.6,62.6,63.5,51.2,1.5,62.0,69.0,51.1,0.0,-99.9,0.0,24.5
23,1.7,64.9,47.1,48.8,1.7,65.7,38.8,51.7,0.0,-99.9,0.0,25.5,0.0,-99.9,0.0,24.6,0.0,-99.9,0.0,24.6,1.6,63.6,56.1,51.6,1.6,63.0,61.6,51.5,0.0,-99.9,0.0,24.5
24,1.7,64.8,49.4,48.8,1.7,65.4,42.0,51.2,0.0,-99.9,0.0,25.5,0.0,-99.9,0.0,24.7,0.0,-99.9,0.0,24.6,1.7,64.3,51.0,51.6,1.6,63.5,58.0,51.5,0.0,-99.9,0.0,24.6
25,1.2,64.9,100.0,49.2,1.2,65.1,100.0,51.0,0.0,-99.9,0.0,25.5,0.0,-99.9,0.0,24.7,0.0,-99.9,0.0,24.6,1.3,64.4,100.0,51.6,1.3,63.8,100.0,51.7,0.0,-99.9,0.0,24.6
26,1.2,65.5,100.0,50.2,1.2,65.9,100.0,51.7,0.0,-99.9,0.0,25.5,0.0,-99.9,0.0,24.7,0.0,-99.9,0.0,24.6,1.3,64.7,100.0,52.3,1.3,64.5,100.0,52.4,0.0,-99.9,0.0,24.6
27,1.2,66.7,100.0,51.6,1.2,66.9,100.0,53.1,0.0,-99.9,0.0,25.5,0.0,-99.9,0.0,24.7,0.0,-99.9,0.0,24.6,1.3,65.6,100.0,53.6,1.3,65.3,100.0,53.6,0.0,-99.9,0.0,24.6
28,1.3,68.2,100.0,52.9,1.3,68.3,99.6,54.7,0.0,-99.9,0.0,25.5,0.0,-99.9,0.0,24.7,0.0,-99.9,0.0,24.6,1.3,66.7,100.0,54.8,1.3,66.3,100.0,54.7,0.0,-99.9,0.0,24.6
29,1.4,69.5,90.2,54.2,1.3,69.7,88.6,56.2,0.0,-99.9,0.0,25.5,0.0,-99.9,0.0,24.7,0.0,-99.9,0.0,24.6,1.4,67.7,100.0,55.9,1.4,67.2,100.0,55.8,0.0,-99.9,0.0,24.6
30,1.4,70.8,80.4,55.3,1.4,71.1,78.0,57.5,0.0,-99.9,0.0,25.5,0.0,-99.9,0.0,24.7,0.0,-99.9,0.0,24.6,1.5,68.7,96.5,56.9,1.5,68.3,99.2,56.7,0.0,-99.9,0.0,24.6
31,1.5,71.8,72.5,56.0,1.5,72.1,70.2,58.4,0.0,-99.9,0.0,25.5,0.0,-99.9,0.0,24.7,0.0,-99.9,0.0,24.6,1.5,69.8,89.0,57.9,1.5,69.2,92.2,57.5,0.0,-99.9,0.0,24.6
32,1.6,72.3,69.4,56.4,1.5,72.6,67.1,58.8,0.0,-99.9,0.0,25.5,0.0,-99.9,0.0,24.7,0.0,-99.9,0.0,24.6,1.6,70.6,83.1,58.4,1.6,70.2,85.9,58.1,0.0,-99.9,0.0,24.6
33,1.6,73.0,64.3,56.6,1.6,73.1,63.5,59.0,0.0,-99.9,0.0,25.5,0.0,-99.9,0.0,24.7,0.0,-99.9,0.0,24.6,1.6,71.1,80.0,58.9,1.6,70.9,80.8,58.5,0.0,-99.9,0.0,24.7
34,1.6,73.1,65.1,56.7,1.5,73.1,65.1,59.0,0.0,-99.9,0.0,25.5,0.0,-99.9,0.0,24.7,0.0,-99.9,0.0,24.6,1.7,71.8,76.1,59.0,1.6,71.2,80.4,58.6,0.0,-99.9,0.0,24.7
35,1.6,73.1,66.3,56.8,1.5,73.4,63.9,59.0,0.0,-99.9,0.0,25.5,0.0,-99.9,0.0,24.7,0.0,-99.9,0.0,24.6,1.7,72.1,74.9,59.1,1.7,71.3,80.8,58.8,0.0,-99.9,0.0,24.7
36,1.5,73.5,63.9,56.8,1.5,73.3,65.5,59.1,0.0,-99.9,0.0,25.5,0.0,-99.9,0.0,24.7,0.0,-99.9,0.0,24.6,1.6,72.3,74.1,59.0,1.6,71.6,79.6,58.8,0.0,-99.9,0.0,24.7
37,1.5,73.6,64.7,56.7,1.4,73.4,65.9,59.1,0.0,-99.9,0.0,25.5,0.0,-99.9,0.0,24.7,0.0,-99.9,0.0,24.6,1.6,72.1,77.6,59.2,1.6,71.8,79.6,58.8,0.0,-99.9,0.0,24.7
38,12.6,78.9,16.1,51.0,8.8,77.2,29.8,58.7,0.0,-99.9,0.0,25.6,0.0,-99.9,0.0,24.7,0.0,-99.9,0.0,24.6,8.2,73.8,57.3,57.7,8.1,74.4,51.4,57.2,0.0,-99.9,0.0,24.7
39,8.1,73.8,56.9,41.5,6.7,76.4,36.5,53.4,0.0,-99.9,0.0,25.5,0.0,-99.9,0.0,24.7,0.0,-99.9,0.0,24.6,5.6,70.8,82.7,52.2,5.7,71.6,75.3,51.9,0.0,-99.9,0.0,24.7
40,6.1,69.7,92.9,38.9,5.3,74.1,56.1,50.0,0.0,-99.9,0.0,25.5,0.0,-99.9,0.0,24.7,0.0,-99.9,0.0,24.6,4.4,68.1,100.0,49.3,4.5,68.8,100.0,48.8,0.0,-99.9,0.0,24.8
41,4.6,67.7,100.0,38.7,4.1,73.1,65.9,49.0,0.0,-99.9,0.0,25.5,0.0,-99.9,0.0,24.7,0.0,-99.9,0.0,24.6,3.4,67.1,100.0,48.9,3.5,67.3,100.0,48.4,0.0,-99.9,0.0,24.8
42,4.0,67.7,100.0,39.7,3.6,73.0,67.8,49.3,0.0,-99.9,0.0,25.5,0.0,-99.9,0.0,24.7,0.0,-99.9,0.0,24.6,3.0,66.5,100.0,49.4,3.0,66.9,98.8,48.7,0.0,-99.9,0.0,24.8
43,4.0,69.1,100.0,43.2,3.5,73.6,63.9,50.5,0.0,-99.9,0.0,25.6,0.0,-99.9,0.0,24.7,0.0,-99.9,0.0,24.6,2.9,66.9,99.2,50.6,2.9,67.1,98.4,50.0,0.0,-99.9,0.0,24.8
44,4.1,71.7,84.7,45.9,3.7,74.7,55.7,51.9,0.0,-99.9,0.0,25.6,0.0,-99.9,0.0,24.7,0.0,-99.9,0.0,24.6,2.9,67.6,96.1,51.4,2.9,68.0,93.7,50.7,0.0,-99.9,0.0,24.8
45,4.2,74.4,63.9,48.2,4.0,76.1,45.5,52.9,0.0,-99.9,0.0,25.6,0.0,-99.9,0.0,24.8,0.0,-99.9,0.0,24.7,2.9,68.5,91.0,52.2,3.0,68.5,91.0,51.5,0.0,-99.9,0.0,24.8
46,4.9,76.3,49.0,49.3,4.4,76.3,44.3,53.2,0.0,-99.9,0.0,25.6,0.0,-99.9,0.0,24.7,0.0,-99.9,0.0,24.7,3.0,68.7,90.6,52.4,3.0,68.9,90.6,51.6,0.0,-99.9,0.0,24.8
47,5.6,77.4,40.4,49.7,4.5,76.4,43.5,53.0,0.0,-99.9,0.0,25.6,0.0,-99.9,0.0,24.8,0.0,-99.9,0.0,24.7,3.0,69.1,90.2,52.8,2.9,69.2,89.4,52.0,0.0,-99.9,0.0,24.8
48,5.7,77.2,42.7,48.7,4.2,76.2,46.3,52.6,0.0,-99.9,0.0,25.6,0.0,-99.9,0.0,24.8,0.0,-99.9,0.0,24.7,2.9,69.5,88.2,52.9,2.9,69.5,89.0,52.0,0.0,-99.9,0.0,24.9
49,5.3,76.7,47.1,48.4,4.0,76.1,47.8,52.5,0.0,-99.9,0.0,25.6,0.0,-99.9,0.0,24.8,0.0,-99.9,0.0,24.7,2.9,69.6,89.8,53.3,2.8,69.8,89.0,52.5,0.0,-99.9,0.0,24.9
50,4.9,76.3,50.6,47.9,3.8,76.0,49.0,52.6,0.0,-99.9,0.0,25.6,0.0,-99.9,0.0,24.8,0.0,-99.9,0.0,24.7,2.8,70.0,88.2,53.3,2.8,69.8,90.6,52.5,0.0,-99.9,0.0,24.9
51,4.7,76.4,50.2,48.3,3.8,76.3,47.1,52.8,0.0,-99.9,0.0,25.6,0.0,-99.9,0.0,24.8,0.0,-99.9,0.0,24.7,2.7,70.3,87.8,53.7,2.7,70.1,90.2,53.0,0.0,-99.9,0.0,24.9
52,4.6,76.4,51.0,48.3,3.7,76.4,46.3,53.1,0.0,-99.9,0.0,25.6,0.0,-99.9,0.0,24.8,0.0,-99.9,0.0,24.7,2.7,70.4,88.6,53.9,2.7,70.5,88.2,53.1,0.0,-99.9,0.0,24.9
53,4.6,76.8,48.6,48.8,3.8,76.9,42.7,53.2,0.0,-99.9,0.0,25.6,0.0,-99.9,0.0,24.8,0.0,-99.9,0.0,24.7,2.6,70.8,87.1,54.2,2.7,70.8,87.8,53.5,0.0,-99.9,0.0,24.9
54,4.7,77.2,45.5,48.7,3.8,77.0,43.1,53.4,0.0,-99.9,0.0,25.6,0.0,-99.9,0.0,24.8,0.0,-99.9,0.0,24.7,2.6,71.1,86.7,54.4,2.6,70.9,88.6,53.5,0.0,-99.9,0.0,24.9
55,4.7,77.2,45.9,49.1,3.8,77.0,42.7,53.5,0.0,-99.9,0.0,25.6,0.0,-99.9,0.0,24.8,0.0,-99.9,0.0,24.7,2.6,71.1,88.2,54.8,2.6,71.4,86.3,54.0,0.0,-99.9,0.0,25.0
56,4.7,77.2,46.3,48.8,3.7,77.0,43.9,53.5,0.0,-99.9,0.0,25.6,0.0,-99.9,0.0,24.8,0.0,-99.9,0.0,24.7,2.6,71.4,86.7,54.8,2.6,71.4,87.5,53.9,0.0,-99.9,0.0,25.0
57,4.6,77.5,44.3,49.2,3.7,77.2,42.4,53.6,0.0,-99.9,0.0,25.7,0.0,-99.9,0.0,24.8,0.0,-99.9,0.0,24.7,2.5,71.6,87.1,55.1,2.5,71.7,86.7,54.4,0.0,-99.9,0.0,25.0
58,4.6,77.5,44.7,49.0,3.6,77.2,42.7,53.8,0.0,-99.9,0.0,25.7,0.0,-99.9,0.0,24.8,0.0,-99.9,0.0,24.7,2.5,71.8,86.7,55.3,2.5,71.8,87.1,54.5,0.0,-99.9,0.0,25.0
59,4.6,77.5,45.1,49.5,3.7,77.3,42.0,53.8,0.0,-99.9,0.0,25.7,0.0,-99.9,0.0,24.8,0.0,-99.9,0.0,24.7,2.5,72.2,85.1,55.8,2.5,72.1,86.3,55.0,0.0,-99.9,0.0,25.0
60,4.6,77.5,45.1,49.1,3.7,77.5,40.8,54.0,0.0,-99.9,0.0,25.7,0.0,-99.9,0.0,24.8,0.0,-99.9,0.0,24.7,2.5,72.6,83.1,55.8,2.5,72.1,87.5,54.9,0.0,-99.9,0.0,25.0
61,4.5,77.9,42.0,49.6,3.7,77.5,41.2,54.1,0.0,-99.9,0.0,25.7,0.0,-99.9,0.0,24.8,0.0,-99.9,0.0,24.7,2.5,72.4,85.9,55.9,2.5,72.3,87.1,55.2,0.0,-99.9,0.0,25.0
62,4.5,77.7,43.5,49.2,3.6,77.7,39.6,54.0,0.0,-99.9,0.0,25.7,0.0,-99.9,0.0,24.8,0.0,-99.9,0.0,24.7,2.4,72.6,85.5,55.8,2.3,72.8,84.7,55.0,0.0,-99.9,0.0,25.1
63,4.5,78.0,41.6,49.7,3.5,77.7,39.6,54.1,0.0,-99.9,0.0,25.7,0.0,-99.9,0.0,24.8,0.0,-99.9,0.0,24.7,2.3,72.8,84.7,56.2,2.3,72.6,87.5,55.7,0.0,-99.9,0.0,25.1
64,4.5,78.0,42.0,49.3,3.6,77.6,41.6,54.2,0.0,-99.9,0.0,25.7,0.0,-99.9,0.0,24.9,0.0,-99.9,0.0,24.8,2.4,73.0,85.1,56.6,2.3,73.1,84.7,55.9,0.0,-99.9,0.0,25.1
65,4.5,78.2,40.8,49.9,3.6,78.0,38.0,54.5,0.0,-99.9,0.0,25.7,0.0,-99.9,0.0,24.9,0.0,-99.9,0.0,24.8,2.4,73.4,83.1,57.0,2.4,73.4,83.9,56.4,0.0,-99.9,0.0,25.1
66,4.6,78.2,40.4,49.5,3.7,78.1,37.3,54.7,0.0,-99.9,0.0,25.7,0.0,-99.9,0.0,24.8,0.0,-99.9,0.0,24.8,2.4,73.6,82.0,57.0,2.4,73.4,84.3,56.3,0.0,-99.9,0.0,25.1
67,4.6,78.4,38.8,50.0,3.7,78.4,34.9,54.7,0.0,-99.9,0.0,25.7,0.0,-99.9,0.0,24.8,0.0,-99.9,0.0,24.8,2.3,73.8,82.0,57.2,2.3,73.5,85.1,56.6,0.0,-99.9,0.0,25.1
68,4.5,78.2,40.4,49.5,3.6,78.4,35.7,54.6,0.0,-99.9,0.0,25.7,0.0,-99.9,0.0,24.9,0.0,-99.9,0.0,24.8,2.3,73.9,82.0,57.2,2.3,73.8,83.5,56.5,0.0,-99.9,0.0,25.1
69,4.4,78.5,38.4,50.1,3.5,78.2,36.9,54.6,0.0,-99.9,0.0,25.8,0.0,-99.9,0.0,24.9,0.0,-99.9,0.0,24.8,2.2,74.1,81.6,57.5,2.2,73.9,83.9,56.9,0.0,-99.9,0.0,25.2
70,4.4,78.2,40.8,49.6,3.5,78.3,36.9,54.6,0.0,-99.9,0.0,25.7,0.0,-99.9,0.0,24.9,0.0,-99.9,0.0,24.8,2.2,74.1,82.0,57.5,2.2,74.1,82.7,56.8,0.0,-99.9,0.0,25.2
71,4.3,78.5,38.8,50.2,3.5,78.5,34.9,54.7,0.0,-99.9,0.0,25.8,0.0,-99.9,0.0,24.9,0.0,-99.9,0.0,24.8,2.2,74.3,81.6,57.8,2.2,74.3,82.4,57.2,0.0,-99.9,0.0,25.2
72,4.4,78.4,39.6,49.7,3.4,78.3,36.9,54.7,0.0,-99.9,0.0,25.8,0.0,-99.9,0.0,24.9,0.0,-99.9,0.0,24.8,2.2,74.4,82.0,57.9,2.2,74.4,82.4,57.2,0.0,-99.9,0.0,25.2
73,4.3,78.7,37.6,50.3,3.4,78.3,37.3,54.9,0.0,-99.9,0.0,25.8,0.0,-99.9,0.0,24.9,0.0,-99.9,0.0,24.8,2.2,74.7,80.8,58.1,2.2,74.7,81.6,57.7,0.0,-99.9,0.0,25.2
74,4.4,78.5,39.2,49.8,3.4,78.5,35.3,55.0,0.0,-99.9,0.0,25.8,0.0,-99.9,0.0,24.9,0.0,-99.9,0.0,24.8,2.2,74.7,81.2,58.2,2.2,74.7,82.4,57.6,0.0,-99.9,0.0,25.2
75,4.3,78.6,38.4,50.4,3.5,78.7,33.7,55.0,0.0,-99.9,0.0,25.8,0.0,-99.9,0.0,24.9,0.0,-99.9,0.0,24.8,2.2,74.8,80.8,58.5,2.2,74.9,81.2,58.0,0.0,-99.9,0.0,25.3
76,4.3,78.7,37.6,49.8,3.4,78.7,34.1,55.0,0.0,-99.9,0.0,25.8,0.0,-99.9,0.0,24.9,0.0,-99.9,0.0,24.8,2.2,75.3,78.0,58.5,2.2,74.9,82.0,57.9,0.0,-99.9,0.0,25.3
77,4.3,78.9,35.7,50.5,3.4,78.6,34.9,55.0,0.0,-99.9,0.0,25.8,0.0,-99.9,0.0,24.9,0.0,-99.9,0.0,24.8,2.2,75.2,79.6,58.8,2.1,75.3,79.2,58.3,0.0,-99.9,0.0,25.3
78,4.3,78.8,37.3,49.8,3.4,78.8,33.3,55.1,0.0,-99.9,0.0,25.8,0.0,-99.9,0.0,24.9,0.0,-99.9,0.0,24.8,2.2,75.2,80.0,58.7,2.1,75.2,80.8,58.2,0.0,-99.9,0.0,25.3
79,4.3,78.9,36.1,50.4,3.4,78.8,33.3,55.1,0.0,-99.9,0.0,25.8,0.0,-99.9,0.0,24.9,0.0,-99.9,0.0,24.8,2.1,75.4,79.2,59.0,2.1,75.4,80.0,58.6,0.0,-99.9,0.0,25.3
80,4.2,78.8,37.3,49.9,3.4,78.5,35.3,55.1,0.0,-99.9,0.0,25.8,0.0,-99.9,0.0,24.9,0.0,-99.9,0.0,24.8,2.1,75.8,76.9,59.1,2.1,75.7,78.8,58.5,0.0,-99.9,0.0,25.3
81,4.3,79.0,35.3,50.7,3.3,78.8,33.7,55.2,0.0,-99.9,0.0,25.8,0.0,-99.9,0.0,24.9,0.0,-99.9,0.0,24.8,2.1,75.7,78.0,59.5,2.1,75.5,80.8,59.0,0.0,-99.9,0.0,25.3
82,4.3,79.0,35.3,50.0,3.3,79.0,31.8,55.3,0.0,-99.9,0.0,25.8,0.0,-99.9,0.0,25.0,0.0,-99.9,0.0,24.9,2.1,75.9,76.9,59.5,2.1,75.9,78.0,58.8,0.0,-99.9,0.0,25.4
83,4.3,79.0,35.3,50.6,3.4,79.1,31.8,55.4,0.0,-99.9,0.0,25.9,0.0,-99.9,0.0,24.9,0.0,-99.9,0.0,24.9,2.0,76.0,76.9,59.5,2.0,75.7,80.0,59.0,0.0,-99.9,0.0,25.4
84,4.2,78.8,37.3,49.9,3.4,79.0,31.4,55.3,0.0,-99.9,0.0,25.9,0.0,-99.9,0.0,25.0,0.0,-99.9,0.0,24.9,2.0,76.2,76.1,59.3,2.0,75.9,79.2,58.7,0.0,-99.9,0.0,25.4
85,4.1,78.9,36.1,50.5,3.3,78.8,33.3,55.2,0.0,-99.9,0.0,25.9,0.0,-99.9,0.0,25.0,0.0,-99.9,0.0,24.9,2.0,76.2,76.9,59.7,1.9,76.0,79.6,59.3,0.0,-99.9,0.0,25.4
86,4.1,78.8,37.3,50.0,3.3,78.8,33.3,55.2,0.0,-99.9,0.0,25.9,0.0,-99.9,0.0,25.0,0.0,-99.9,0.0,24.9,2.0,76.7,72.9,60.0,2.0,76.2,78.0,59.5,0.0,-99.9,0.0,25.4
87,4.2,79.2,35.3,50.9,3.3,79.0,31.4,55.4,0.0,-99.9,0.0,25.9,0.0,-99.9,0.0,25.0,0.0,-99.9,0.0,24.9,2.0,76.7,73.3,60.3,2.0,76.5,76.5,59.9,0.0,-99.9,0.0,25.4
88,4.3,79.1,34.9,50.3,3.3,79.0,31.4,55.6,0.0,-99.9,0.0,25.9,0.0,-99.9,0.0,25.0,0.0,-99.9,0.0,24.9,2.1,76.9,72.5,60.2,2.0,76.8,74.5,59.6,0.0,-99.9,0.0,25.5
89,4.3,79.4,34.5,51.0,3.4,79.0,30.6,55.6,0.0,-99.9,0.0,25.9,0.0,-99.9,0.0,25.0,0.0,-99.9,0.0,24.9,2.0,76.9,72.5,60.3,2.0,76.9,74.1,59.9,0.0,-99.9,0.0,25.5
90,4.3,79.2,33.7,50.1,3.4,79.0,30.2,55.5,0.0,-99.9,0.0,25.9,0.0,-99.9,0.0,25.0,0.0,-99.9,0.0,24.9,2.0,77.0,72.5,60.2,1.9,76.8,74.9,59.6,0.0,-99.9,0.0,25.5
91,4.2,79.1,33.3,50.8,3.3,79.0,30.2,55.4,0.0,-99.9,0.0,25.9,0.0,-99.9,0.0,25.0,0.0,-99.9,0.0,24.9,1.9,77.0,72.9,60.3,1.9,76.8,75.7,60.0,0.0,-99.9,0.0,25.5
92,4.2,78.8,34.9,50.0,3.2,79.0,29.8,55.4,0.0,-99.9,0.0,25.9,0.0,-99.9,0.0,25.0,0.0,-99.9,0.0,24.9,1.9,77.0,73.3,60.4,1.9,76.9,75.7,59.8,0.0,-99.9,0.0,25.5
93,4.1,79.0,33.3,50.7,3.2,79.0,29.8,55.4,0.0,-99.9,0.0,25.9,0.0,-99.9,0.0,25.0,0.0,-99.9,0.0,24.9,1.9,77.0,73.7,60.6,1.9,77.0,75.3,60.2,0.0,-99.9,0.0,25.5
94,4.1,79.0,33.3,50.1,3.2,79.1,29.8,55.5,0.0,-99.9,0.0,25.9,0.0,-99.9,0.0,25.0,0.0,-99.9,0.0,24.9,1.8,77.3,71.8,60.7,1.8,77.0,75.3,60.1,0.0,-99.9,0.0,25.5
95,4.1,79.0,32.9,50.9,3.2,79.3,29.4,55.5,0.0,-99.9,0.0,25.9,0.0,-99.9,0.0,25.0,0.0,-99.9,0.0,24.9,1.9,77.4,71.0,60.8,1.8,77.2,74.1,60.5,0.0,-99.9,0.0,25.5
96,4.0,79.0,32.9,50.1,3.2,79.1,29.0,55.6,0.0,-99.9,0.0,25.9,0.0,-99.9,0.0,25.1,0.0,-99.9,0.0,24.9,1.8,77.6,69.8,60.8,1.8,77.2,74.1,60.4,0.0,-99.9,0.0,25.6
97,4.0,79.3,32.5,51.0,3.2,79.2,28.6,55.6,0.0,-99.9,0.0,26.0,0.0,-99.9,0.0,25.1,0.0,-99.9,0.0,24.9,1.8,77.5,70.6,61.0,1.8,77.6,71.4,60.7,0.0,-99.9,0.0,25.6
98,4.0,79.3,31.8,50.3,3.2,79.3,28.2,55.6,0.0,-99.9,0.0,26.0,0.0,-99.9,0.0,25.1,0.0,-99.9,0.0,24.9,1.8,77.7,69.4,61.1,1.8,77.5,72.9,60.6,0.0,-99.9,0.0,25.6
99,4.0,79.3,31.4,51.1,3.2,79.4,27.5,55.6,0.0,-99.9,0.0,26.0,0.0,-99.9,0.0,25.1,0.0,-99.9,0.0,25.0,1.8,77.7,69.4,61.2,1.8,77.7,71.0,60.9,0.0,-99.9,0.0,25.6
100,3.9,79.3,30.6,50.4,3.1,79.0,27.1,55.6,0.0,-99.9,0.0,26.0,0.0,-99.9,0.0,25.1,0.0,-99.9,0.0,25.0,1.8,78.0,67.5,61.2,1.8,77.5,73.3,60.6,0.0,-99.9,0.0,25.6
101,4.0,79.5,29.4,51.2,3.1,79.4,26.7,55.6,0.0,-99.9,0.0,26.0,0.0,-99.9,0.0,25.1,0.0,-99.9,0.0,25.0,1.8,77.7,69.8,61.3,1.7,77.6,72.9,60.9,0.0,-99.9,0.0,25.6
102,4.0,79.5,28.2,50.5,3.2,79.3,26.3,55.7,0.0,-99.9,0.0,26.0,0.0,-99.9,0.0,25.1,0.0,-99.9,0.0,25.0,1.8,77.9,69.0,61.3,1.7,77.7,71.8,60.9,0.0,-99.9,0.0,25.7
103,4.0,79.6,27.5,51.2,3.2,79.3,25.5,55.7,0.0,-99.9,0.0,26.0,0.0,-99.9,0.0,25.1,0.0,-99.9,0.0,25.0,1.8,78.0,68.2,61.6,1.7,77.7,72.2,61.4,0.0,-99.9,0.0,25.7
104,4.0,79.5,26.3,50.4,3.2,79.3,24.7,55.7,0.0,-99.9,0.0,26.0,0.0,-99.9,0.0,25.1,0.0,-99.9,0.0,25.0,1.7,78.1,67.8,61.5,1.8,78.2,68.2,61.2,0.0,-99.9,0.0,25.7
105,3.9,79.4,25.1,51.0,3.1,79.3,23.9,55.6,0.0,-99.9,0.0,26.0,0.0,-99.9,0.0,25.1,0.0,-99.9,0.0,25.0,1.7,78.0,68.6,61.5,1.7,78.0,70.2,61.2,0.0,-99.9,0.0,25.7
106,3.8,79.3,24.3,50.2,3.1,79.1,23.5,55.5,0.0,-99.9,0.0,26.0,0.0,-99.9,0.0,25.1,0.0,-99.9,0.0,25.0,1.7,78.0,68.6,61.4,1.7,78.0,69.8,61.0,0.0,-99.9,0.0,25.7
107,3.8,79.4,23.9,51.0,3.0,79.2,23.5,55.4,0.0,-99.9,0.0,26.0,0.0,-99.9,0.0,25.1,0.0,-99.9,0.0,25.0,1.7,78.1,67.8,61.8,1.7,78.2,69.0,61.4,0.0,-99.9,0.0,25.7
108,3.8,79.3,23.5,50.3,3.0,79.2,23.1,55.5,0.0,-99.9,0.0,26.0,0.0,-99.9,0.0,25.1,0.0,-99.9,0.0,25.0,1.7,78.4,65.9,62.0,1.7,78.2,68.6,61.5,0.0,-99.9,0.0,25.8
109,3.8,79.5,22.7,51.2,3.0,79.3,22.4,55.7,0.0,-99.9,0.0,26.0,0.0,-99.9,0.0,25.1,0.0,-99.9,0.0,25.0,1.7,78.5,65.1,62.1,1.7,78.5,66.7,61.7,0.0,-99.9,0.0,25.8
110,3.9,79.5,21.6,50.4,3.1,79.3,21.6,55.8,0.0,-99.9,0.0,26.0,0.0,-99.9,0.0,25.2,0.0,-99.9,0.0,25.0,1.7,78.5,65.1,62.0,1.7,78.5,67.1,61.4,0.0,-99.9,0.0,25.8
111,3.8,79.4,20.8,51.1,3.1,79.3,20.8,55.7,0.0,-99.9,0.0,26.1,0.0,-99.9,0.0,25.2,0.0,-99.9,0.0,25.0,1.7,78.5,65.1,62.1,1.6,78.5,67.1,61.7,0.0,-99.9,0.0,25.8
112,3.8,79.3,20.0,50.3,3.1,79.3,20.4,55.7,0.0,-99.9,0.0,26.0,0.0,-99.9,0.0,25.2,0.0,-99.9,0.0,25.0,1.7,78.5,65.5,62.0,1.6,78.3,68.6,61.5,0.0,-99.9,0.0,25.8
113,3.7,79.4,19.2,50.9,3.0,79.4,19.6,55.5,0.0,-99.9,0.0,26.1,0.0,-99.9,0.0,25.2,0.0,-99.9,0.0,25.0,1.7,78.8,63.5,62.0,1.6,78.3,68.6,61.8,0.0,-99.9,0.0,25.8
114,3.7,79.3,18.8,50.2,3.0,79.2,19.2,55.5,0.0,-99.9,0.0,26.1,0.0,-99.9,0.0,25.2,0.0,-99.9,0.0,25.0,1.7,78.5,65.5,61.9,1.6,78.8,65.5,61.7,0.0,-99.9,0.0,25.8
115,3.7,79.3,18.0,50.9,2.9,79.0,19.2,55.4,0.0,-99.9,0.0,26.1,0.0,-99.9,0.0,25.2,0.0,-99.9,0.0,25.0,1.6,78.5,65.5,62.1,1.6,78.6,66.7,62.0,0.0,-99.9,0.0,25.9
116,3.6,79.1,17.6,50.2,2.9,79.1,18.8,55.5,0.0,-99.9,0.0,26.1,0.0,-99.9,0.0,25.2,0.0,-99.9,0.0,25.1,1.6,78.8,63.5,62.1,1.6,78.6,67.1,61.8,0.0,-99.9,0.0,25.9
117,3.6,79.1,17.3,50.9,2.8,79.0,18.8,55.4,0.0,-99.9,0.0,26.1,0.0,-99.9,0.0,25.2,0.0,-99.9,0.0,25.1,1.6,78.5,65.5,62.2,1.6,78.8,65.5,62.0,0.0,-99.9,0.0,25.9
118,3.6,79.3,16.9,50.2,2.8,79.2,18.4,55.5,0.0,-99.9,0.0,26.1,0.0,-99.9,0.0,25.2,0.0,-99.9,0.0,25.1,1.6,78.8,63.1,62.2,1.6,78.6,67.1,61.8,0.0,-99.9,0.0,25.9
119,3.6,79.3,16.5,50.9,2.8,79.3,18.0,55.5,0.0,-99.9,0.0,26.1,0.0,-99.9,0.0,25.2,0.0,-99.9,0.0,25.1,1.6,78.8,63.1,62.3,1.6,78.7,65.9,62.0,0.0,-99.9,0.0,25.9
120,3.6,79.2,16.1,50.2,2.8,79.3,17.6,55.6,0.0,-99.9,0.0,26.1,0.0,-99.9,0.0,25.3,0.0,-99.9,0.0,25.1,1.6,78.8,63.1,62.3,1.6,78.8,65.9,61.8,0.0,-99.9,0.0,25.9
121,3.5,79.1,15.7,50.9,2.9,79.3,17.3,55.6,0.0,-99.9,0.0,26.1,0.0,-99.9,0.0,25.2,0.0,-99.9,0.0,25.1,1.6,78.6,65.1,62.4,1.5,78.8,65.9,62.1,0.0,-99.9,0.0,25.9
122,3.5,79.1,15.3,50.2,2.9,79.3,16.5,55.6,0.0,-99.9,0.0,26.1,0.0,-99.9,0.0,25.3,0.0,-99.9,0.0,25.1,1.6,79.0,62.0,62.3,1.6,78.8,65.9,61.9,0.0,-99.9,0.0,25.9
123,3.5,79.3,14.9,51.0,2.8,79.0,16.1,55.5,0.0,-99.9,0.0,26.2,0.0,-99.9,0.0,25.3,0.0,-99.9,0.0,25.1,1.6,78.8,62.7,62.4,1.6,78.8,65.9,62.1,0.0,-99.9,0.0,26.0
124,3.6,79.3,14.1,50.3,2.8,79.2,15.7,55.5,0.0,-99.9,0.0,26.2,0.0,-99.9,0.0,25.3,0.0,-99.9,0.0,25.1,1.6,78.9,62.4,62.4,1.5,78.8,65.9,62.1,0.0,-99.9,0.0,26.0
125,3.5,79.1,13.7,50.9,2.8,79.3,15.7,55.5,0.0,-99.9,0.0,26.2,0.0,-99.9,0.0,25.3,0.0,-99.9,0.0,25.1,1.6,79.0,61.6,62.6,1.6,79.0,63.9,62.4,0.0,-99.9,0.0,26.0
126,3.5,79.3,13.3,50.2,2.7,79.3,15.3,55.6,0.0,-99.9,0.0,26.2,0.0,-99.9,0.0,25.3,0.0,-99.9,0.0,25.1,1.6,79.0,61.6,62.5,1.6,79.3,63.9,62.1,0.0,-99.9,0.0,26.0
127,3.5,79.0,12.9,50.9,2.7,79.3,14.9,55.6,0.0,-99.9,0.0,26.2,0.0,-99.9,0.0,25.3,0.0,-99.9,0.0,25.1,1.5,79.0,61.6,62.3,1.5,78.8,65.1,62.0,0.0,-99.9,0.0,26.0
128,3.4,79.3,12.5,50.1,2.7,79.1,14.1,55.5,0.0,-99.9,0.0,26.2,0.0,-99.9,0.0,25.3,0.0,-99.9,0.0,25.1,1.5,78.8,63.1,62.4,1.5,78.9,64.3,61.9,0.0,-99.9,0.0,26.0
129,3.4,79.3,12.2,50.8,2.7,79.1,14.1,55.5,0.0,-99.9,0.0,26.2,0.0,-99.9,0.0,25.3,0.0,-99.9,0.0,25.1,1.5,79.0,61.6,62.7,1.5,78.8,65.9,62.4,0.0,-99.9,0.0,26.0
130,3.4,79.3,11.8,50.2,2.7,79.3,13.7,55.6,0.0,-99.9,0.0,26.2,0.0,-99.9,0.0,25.3,0.0,-99.9,0.0,25.1,1.6,79.1,61.2,62.9,1.5,79.0,63.9,62.4,0.0,-99.9,0.0,26.1
131,3.5,79.3,11.4,51.0,2.7,79.3,12.9,55.7,0.0,-99.9,0.0,26.2,0.0,-99.9,0.0,25.3,0.0,-99.9,0.0,25.2,1.6,79.3,60.8,62.9,1.6,79.3,63.5,62.5,0.0,-99.9,0.0,26.1
132,3.5,79.5,10.6,50.3,2.8,79.3,12.2,55.8,0.0,-99.9,0.0,26.2,0.0,-99.9,0.0,25.4,0.0,-99.9,0.0,25.2,1.6,79.3,60.0,62.7,1.6,79.3,63.1,62.2,0.0,-99.9,0.0,26.1
133,3.5,79.3,9.8,51.0,2.8,79.5,11.4,55.7,0.0,-99.9,0.0,26.2,0.0,-99.9,0.0,25.4,0.0,-99.9,0.0,25.2,1.6,79.5,59.6,62.7,1.5,79.0,62.7,62.4,0.0,-99.9,0.0,26.1
134,3.4,79.3,9.4,50.2,2.7,79.3,10.6,55.6,0.0,-99.9,0.0,26.3,0.0,-99.9,0.0,25.4,0.0,-99.9,0.0,25.2,1.5,79.3,58.8,62.6,1.5,79.0,62.4,62.3,0.0,-99.9,0.0,26.1
135,3.4,79.3,9.0,50.8,2.7,79.2,10.2,55.5,0.0,-99.9,0.0,26.3,0.0,-99.9,0.0,25.4,0.0,-99.9,0.0,25.2,1.5,79.3,58.8,62.6,1.5,79.0,62.4,62.4,0.0,-99.9,0.0,26.1
136,3.3,79.3,8.2,50.1,2.6,79.2,10.2,55.5,0.0,-99.9,0.0,26.3,0.0,-99.9,0.0,25.4,0.0,-99.9,0.0,25.2,1.5,79.3,58.4,62.6,1.5,79.0,62.0,62.2,0.0,-99.9,0.0,26.1
137,3.3,79.0,7.8,50.8,2.6,79.0,9.8,55.3,0.0,-99.9,0.0,26.3,0.0,-99.9,0.0,25.4,0.0,-99.9,0.0,25.2,1.5,79.1,58.0,62.6,1.5,79.1,62.0,62.3,0.0,-99.9,0.0,26.2
138,3.3,79.2,7.8,50.1,2.5,79.1,9.8,55.4,0.0,-99.9,0.0,26.3,0.0,-99.9,0.0,25.4,0.0,-99.9,0.0,25.2,1.5,79.0,57.6,62.6,1.5,79.0,62.0,62.2,0.0,-99.9,0.0,26.2
139,3.2,79.1,7.8,50.8,2.5,79.0,9.8,55.4,0.0,-99.9,0.0,26.3,0.0,-99.9,0.0,25.4,0.0,-99.9,0.0,25.2,1.5,79.0,57.6,62.5,1.4,78.9,62.4,62.3,0.0,-99.9,0.0,26.2
140,3.2,79.1,7.5,50.2,2.5,79.0,9.8,55.5,0.0,-99.9,0.0,26.3,0.0,-99.9,0.0,25.4,0.0,-99.9,0.0,25.2,1.4,79.2,57.6,62.5,1.4,78.9,62.4,62.3,0.0,-99.9,0.0,26.2
141,3.3,79.1,7.1,50.9,2.5,79.1,9.4,55.5,0.0,-99.9,0.0,26.3,0.0,-99.9,0.0,25.4,0.0,-99.9,0.0,25.2,1.4,79.2,57.6,62.6,1.4,79.0,62.0,62.5,0.0,-99.9,0.0,26.2
142,3.2,79.3,6.3,50.2,2.5,79.0,9.0,55.6,0.0,-99.9,0.0,26.3,0.0,-99.9,0.0,25.4,0.0,-99.9,0.0,25.2,1.4,79.1,57.3,62.6,1.4,79.0,61.6,62.4,0.0,-99.9,0.0,26.2
143,3.3,79.3,5.9,50.9,2.5,79.2,8.6,55.6,0.0,-99.9,0.0,26.3,0.0,-99.9,0.0,25.4,0.0,-99.9,0.0,25.2,1.4,79.0,56.9,62.7,1.5,79.3,61.2,62.6,0.0,-99.9,0.0,26.2
144,3.2,79.3,5.5,50.2,2.5,79.3,8.2,55.6,0.0,-99.9,0.0,26.4,0.0,-99.9,0.0,25.4,0.0,-99.9,0.0,25.2,1.4,79.3,56.5,62.7,1.4,79.2,60.8,62.3,0.0,-99.9,0.0,26.2
145,3.2,79.3,5.1,50.9,2.5,79.0,7.8,55.6,0.0,-99.9,0.0,26.4,0.0,-99.9,0.0,25.5,0.0,-99.9,0.0,25.3,1.4,79.1,56.5,62.7,1.4,79.0,60.4,62.5,0.0,-99.9,0.0,26.3
146,3.1,79.3,4.7,50.3,2.5,79.3,7.1,55.7,0.0,-99.9,0.0,26.4,0.0,-99.9,0.0,25.5,0.0,-99.9,0.0,25.3,1.4,79.3,56.1,62.8,1.4,79.3,60.0,62.6,0.0,-99.9,0.0,26.3
147,3.2,79.5,3.9,51.0,2.5,79.0,6.7,55.6,0.0,-99.9,0.0,26.4,0.0,-99.9,0.0,25.5,0.0,-99.9,0.0,25.3,1.4,79.4,55.3,62.9,1.4,79.4,59.6,62.8,0.0,-99.9,0.0,26.3
148,3.2,79.2,3.1,50.3,2.5,79.3,6.3,55.6,0.0,-99.9,0.0,26.4,0.0,-99.9,0.0,25.5,0.0,-99.9,0.0,25.3,1.4,79.5,54.9,62.8,1.4,79.4,59.2,62.5,0.0,-99.9,0.0,26.3
149,3.1,79.3,2.7,50.8,2.4,79.2,5.5,55.5,0.0,-99.9,0.0,26.4,0.0,-99.9,0.0,25.5,0.0,-99.9,0.0,25.3,1.4,79.3,54.1,62.5,1.4,79.3,58.4,62.4,0.0,-99.9,0.0,26.3
150,3.0,79.3,2.0,50.2,2.4,79.1,5.5,55.4,0.0,-99.9,0.0,26.4,0.0,-99.9,0.0,25.5,0.0,-99.9,0.0,25.3,1.4,79.0,54.1,62.6,1.4,79.1,58.0,62.3,0.0,-99.9,0.0,26.3
151,3.0,79.3,1.6,51.0,2.4,79.1,5.1,55.5,0.0,-99.9,0.0,26.4,0.0,-99.9,0.0,25.5,0.0,-99.9,0.0,25.3,1.4,79.0,53.7,62.7,1.4,79.0,58.0,62.7,0.0,-99.9,0.0,26.3
152,3.1,79.5,1.2,50.6,2.4,79.3,4.7,55.6,0.0,-99.9,0.0,26.4,0.0,-99.9,0.0,25.5,0.0,-99.9,0.0,25.3,1.4,79.3,53.7,62.8,1.4,79.2,57.6,62.6,0.0,-99.9,0.0,26.4
153,3.1,79.7,0.0,51.2,2.4,79.4,4.3,55.6,0.0,-99.9,0.0,26.4,0.0,-99.9,0.0,25.5,0.0,-99.9,0.0,25.3,1.4,79.1,53.3,62.7,1.4,79.2,57.3,62.7,0.0,-99.9,0.0,26.4
154,3.1,79.5,0.0,50.5,2.4,79.3,3.5,55.7,0.0,-99.9,0.0,26.4,0.0,-99.9,0.0,25.5,0.0,-99.9,0.0,25.3,1.4,79.2,52.9,62.7,1.4,79.3,56.9,62.5,0.0,-99.9,0.0,26.4
155,3.1,79.5,0.0,51.0,2.4,79.2,3.1,55.6,0.0,-99.9,0.0,26.4,0.0,-99.9,0.0,25.5,0.0,-99.9,0.0,25.3,1.3,79.3,52.5,62.6,1.4,79.0,56.5,62.5,0.0,-99.9,0.0,26.4
156,3.1,79.4,0.0,50.4,2.4,79.3,2.7,55.6,0.0,-99.9,0.0,26.5,0.0,-99.9,0.0,25.5,0.0,-99.9,0.0,25.3,1.3,79.0,52.5,62.6,1.3,79.2,56.1,62.3,0.0,-99.9,0.0,26.4
157,3.0,79.5,0.0,50.9,2.3,79.3,2.4,55.4,0.0,-99.9,0.0,26.5,0.0,-99.9,0.0,25.5,0.0,-99.9,0.0,25.4,1.3,79.3,52.5,62.6,1.3,79.2,56.1,62.5,0.0,-99.9,0.0,26.4
158,3.0,79.4,0.0,50.3,2.3,79.3,2.0,55.5,0.0,-99.9,0.0,26.5,0.0,-99.9,0.0,25.5,0.0,-99.9,0.0,25.4,1.3,79.0,52.2,62.7,1.3,79.0,56.1,62.4,0.0,-99.9,0.0,26.4
159,2.9,79.5,0.0,50.9,2.3,79.0,1.6,55.4,0.0,-99.9,0.0,26.5,0.0,-99.9,0.0,25.6,0.0,-99.9,0.0,25.4,1.3,79.0,52.2,62.6,1.3,79.0,55.7,62.5,0.0,-99.9,0.0,26.5
160,2.9,79.3,0.0,50.4,2.3,79.0,1.6,55.4,0.0,-99.9,0.0,26.5,0.0,-99.9,0.0,25.6,0.0,-99.9,0.0,25.4,1.3,79.0,51.8,62.6,1.3,79.1,55.7,62.4,0.0,-99.9,0.0,26.5
161,3.0,79.5,0.0,51.0,2.2,79.3,1.6,55.3,0.0,-99.9,0.0,26.5,0.0,-99.9,0.0,25.6,0.0,-99.9,0.0,25.4,1.3,78.9,52.5,62.6,1.3,79.0,55.7,62.5,0.0,-99.9,0.0,26.5
162,3.0,79.4,0.0,50.4,2.2,79.0,1.2,55.5,0.0,-99.9,0.0,26.5,0.0,-99.9,0.0,25.6,0.0,-99.9,0.0,25.4,1.2,79.0,51.8,62.6,1.3,79.3,55.3,62.4,0.0,-99.9,0.0,26.5
163,2.9,79.3,0.0,50.9,2.2,79.1,0.8,55.5,0.0,-99.9,0.0,26.5,0.0,-99.9,0.0,25.6,0.0,-99.9,0.0,25.4,1.2,79.0,51.4,62.7,1.3,78.8,56.9,62.5,0.0,-99.9,0.0,26.5
164,2.9,79.4,0.0,50.4,2.2,79.1,0.4,55.5,0.0,-99.9,0.0,26.5,0.0,-99.9,0.0,25.6,0.0,-99.9,0.0,25.4,1.2,79.3,51.4,62.9,1.2,79.1,55.3,62.4,0.0,-99.9,0.0,26.5
165,2.9,79.5,0.0,51.0,2.2,79.0,0.4,55.5,0.0,-99.9,0.0,26.5,0.0,-99.9,0.0,25.6,0.0,-99.9,0.0,25.4,1.2,79.3,51.0,62.9,1.3,79.3,55.3,62.7,0.0,-99.9,0.0,26.5
166,2.9,79.4,0.0,50.5,2.2,79.1,0.0,55.5,0.0,-99.9,0.0,26.5,0.0,-99.9,0.0,25.6,0.0,-99.9,0.0,25.4,1.3,79.1,50.6,62.9,1.2,79.0,54.9,62.5,0.0,-99.9,0.0,26.5
167,2.9,79.5,0.0,51.0,2.2,79.0,0.0,55.5,0.0,-99.9,0.0,26.5,0.0,-99.9,0.0,25.6,0.0,-99.9,0.0,25.4,1.2,79.3,50.2,62.9,1.2,79.0,54.9,62.7,0.0,-99.9,0.0,26.6
168,3.0,79.7,0.0,50.5,2.2,79.1,0.0,55.5,0.0,-99.9,0.0,26.5,0.0,-99.9,0.0,25.6,0.0,-99.9,0.0,25.4,1.2,79.3,49.8,63.0,1.2,79.3,54.5,62.8,0.0,-99.9,0.0,26.6
169,3.0,79.5,0.0,51.0,2.2,79.2,0.0,55.6,0.0,-99.9,0.0,26.6,0.0,-99.9,0.0,25.6,0.0,-99.9,0.0,25.4,1.3,79.3,49.0,63.0,1.3,79.5,54.1,62.9,0.0,-99.9,0.0,26.6
170,2.9,79.5,0.0,50.5,2.2,79.3,0.0,55.6,0.0,-99.9,0.0,26.6,0.0,-99.9,0.0,25.7,0.0,-99.9,0.0,25.4,1.2,79.3,48.2,62.8,1.3,79.3,53.3,62.5,0.0,-99.9,0.0,26.6
171,2.9,79.5,0.0,51.0,2.2,79.3,0.0,55.6,0.0,-99.9,0.0,26.6,0.0,-99.9,0.0,25.6,0.0,-99.9,0.0,25.5,1.2,79.0,47.8,62.6,1.2,79.1,53.3,62.5,0.0,-99.9,0.0,26.6
172,2.9,79.5,0.0,50.4,2.2,79.5,0.0,55.6,0.0,-99.9,0.0,26.6,0.0,-99.9,0.0,25.7,0.0,-99.9,0.0,25.5,1.2,79.0,47.8,62.7,1.2,78.8,54.1,62.6,0.0,-99.9,0.0,26.6
173,2.9,79.5,0.0,51.0,2.2,79.3,0.0,55.7,0.0,-99.9,0.0,26.6,0.0,-99.9,0.0,25.7,0.0,-99.9,0.0,25.5,1.2,78.9,48.2,62.8,1.2,79.2,52.9,62.9,0.0,-99.9,0.0,26.6
174,2.9,79.7,0.0,50.6,2.2,79.3,0.0,55.8,0.0,-99.9,0.0,26.6,0.0,-99.9,0.0,25.7,0.0,-99.9,0.0,25.5,1.2,79.3,47.5,62.8,1.2,79.2,52.5,62.8,0.0,-99.9,0.0,26.6
175,3.0,79.8,0.0,51.2,2.2,79.5,0.0,55.8,0.0,-99.9,0.0,26.6,0.0,-99.9,0.0,25.7,0.0,-99.9,0.0,25.5,1.2,79.3,47.1,62.7,1.2,79.6,51.8,62.8,0.0,-99.9,0.0,26.7
176,3.0,79.6,0.0,50.7,2.2,79.6,0.0,55.8,0.0,-99.9,0.0,26.6,0.0,-99.9,0.0,25.7,0.0,-99.9,0.0,25.5,1.2,79.1,46.7,62.7,1.2,79.1,51.4,62.8,0.0,-99.9,0.0,26.6
177,3.0,79.7,0.0,51.0,2.2,79.3,0.0,55.7,0.0,-99.9,0.0,26.6,0.0,-99.9,0.0,25.7,0.0,-99.9,0.0,25.5,1.1,79.0,46.7,62.7,1.2,78.8,52.9,62.7,0.0,-99.9,0.0,26.7
178,2.9,79.5,0.0,50.5,2.2,79.5,0.0,55.8,0.0,-99.9,0.0,26.6,0.0,-99.9,0.0,25.7,0.0,-99.9,0.0,25.5,1.1,79.1,46.7,62.8,1.2,79.3,51.0,62.6,0.0,-99.9,0.0,26.7
179,2.9,79.5,0.0,51.0,2.2,79.3,0.0,55.8,0.0,-99.9,0.0,26.6,0.0,-99.9,0.0,25.7,0.0,-99.9,0.0,25.5,1.1,79.3,46.3,62.8,1.2,79.0,50.6,62.6,0.0,-99.9,0.0,26.7
180,2.9,79.5,0.0,50.5,2.2,79.5,0.0,55.8,0.0,-99.9,0.0,26.6,0.0,-99.9,0.0,25.7,0.0,-99.9,0.0,25.5,1.1,79.0,46.3,62.8,1.1,79.2,50.2,62.5,0.0,-99.9,0.0,26.7
181,2.9,79.3,0.0,51.1,2.2,79.5,0.0,55.8,0.0,-99.9,0.0,26.6,0.0,-99.9,0.0,25.7,0.0,-99.9,0.0,25.5,1.1,79.1,45.9,62.8,1.1,78.9,50.6,62.5,0.0,-99.9,0.0,26.7
182,2.9,79.7,0.0,50.5,2.2,79.5,0.0,55.8,0.0,-99.9,0.0,26.6,0.0,-99.9,0.0,25.8,0.0,-99.9,0.0,25.5,1.1,79.2,45.9,62.8,1.1,79.0,50.2,62.6,0.0,-99.9,0.0,26.7
183,2.9,79.5,0.0,51.0,2.2,79.5,0.0,55.8,0.0,-99.9,0.0,26.7,0.0,-99.9,0.0,25.8,0.0,-99.9,0.0,25.5,1.1,79.0,45.9,62.8,1.1,78.9,51.0,62.7,0.0,-99.9,0.0,26.7
184,2.9,79.5,0.0,50.5,2.2,79.8,0.0,55.9,0.0,-99.9,0.0,26.7,0.0,-99.9,0.0,25.8,0.0,-99.9,0.0,25.5,1.1,79.2,45.5,62.8,1.1,79.0,50.2,62.6,0.0,-99.9,0.0,26.8
185,2.9,79.5,0.0,51.0,2.2,79.3,0.0,55.9,0.0,-99.9,0.0,26.7,0.0,-99.9,0.0,25.8,0.0,-99.9,0.0,25.5,1.1,79.1,45.5,62.7,1.1,79.0,49.8,62.7,0.0,-99.9,0.0,26.8
186,2.9,79.7,0.0,50.5,2.2,79.6,0.0,55.9,0.0,-99.9,0.0,26.7,0.0,-99.9,0.0,25.8,0.0,-99.9,0.0,25.5,1.1,79.0,45.1,62.8,1.1,79.1,49.8,62.7,0.0,-99.9,0.0,26.8
187,2.9,79.5,0.0,51.0,2.2,79.3,0.0,55.9,0.0,-99.9,0.0,26.7,0.0,-99.9,0.0,25.8,0.0,-99.9,0.0,25.5,1.1,79.0,45.1,62.7,1.1,79.2,49.8,62.8,0.0,-99.9,0.0,26.8
188,2.9,79.5,0.0,50.5,2.2,79.5,0.0,55.9,0.0,-99.9,0.0,26.7,0.0,-99.9,0.0,25.8,0.0,-99.9,0.0,25.5,1.0,79.0,45.1,62.7,1.1,79.2,49.8,62.7,0.0,-99.9,0.0,26.8
189,2.9,79.5,0.0,51.0,2.2,79.5,0.0,55.9,0.0,-99.9,0.0,26.7,0.0,-99.9,0.0,25.8,0.0,-99.9,0.0,25.6,1.0,78.9,45.9,62.7,1.1,79.3,49.4,62.7,0.0,-99.9,0.0,26.8
190,2.9,79.5,0.0,50.5,2.2,79.7,0.0,56.0,0.0,-99.9,0.0,26.7,0.0,-99.9,0.0,25.8,0.0,-99.9,0.0,25.6,1.1,79.0,44.7,63.0,1.1,78.8,51.0,62.8,0.0,-99.9,0.0,26.8
191,2.9,79.5,0.0,51.0,2.2,79.7,0.0,56.0,0.0,-99.9,0.0,26.7,0.0,-99.9,0.0,25.8,0.0,-99.9,0.0,25.6,1.1,79.0,44.7,63.0,1.1,79.2,49.0,62.9,0.0,-99.9,0.0,26.8
192,3.0,79.8,0.0,50.6,2.2,79.8,0.0,56.0,0.0,-99.9,0.0,26.7,0.0,-99.9,0.0,25.8,0.0,-99.9,0.0,25.6,1.1,79.2,43.9,62.8,1.1,79.3,48.6,62.7,0.0,-99.9,0.0,26.8
193,2.9,79.5,0.0,50.9,2.2,79.7,0.0,56.0,0.0,-99.9,0.0,26.7,0.0,-99.9,0.0,25.8,0.0,-99.9,0.0,25.6,1.0,79.0,43.9,62.6,1.1,79.0,48.2,62.5,0.0,-99.9,0.0,26.8
194,2.9,79.5,0.0,50.5,2.2,79.5,0.0,56.0,0.0,-99.9,0.0,26.7,0.0,-99.9,0.0,25.8,0.0,-99.9,0.0,25.6,1.0,79.0,43.9,62.9,1.0,78.8,49.4,62.7,0.0,-99.9,0.0,26.9
195,2.9,79.4,0.0,51.0,2.2,79.4,0.0,56.0,0.0,-99.9,0.0,26.7,0.0,-99.9,0.0,25.8,0.0,-99.9,0.0,25.6,1.0,79.0,43.9,63.1,1.1,79.1,48.2,63.0,0.0,-99.9,0.0,26.9
196,2.9,79.8,0.0,50.8,2.2,79.8,0.0,56.1,0.0,-99.9,0.0,26.8,0.0,-99.9,0.0,25.8,0.0,-99.9,0.0,25.6,1.1,79.3,43.5,63.1,1.1,79.3,47.8,62.9,0.0,-99.9,0.0,26.9
197,3.0,79.9,0.0,51.2,2.2,79.8,0.0,56.2,0.0,-99.9,0.0,26.7,0.0,-99.9,0.0,25.9,0.0,-99.9,0.0,25.6,1.1,79.2,42.7,63.0,1.1,79.1,47.5,62.8,0.0,-99.9,0.0,26.9
198,3.0,79.8,0.0,50.7,2.2,79.9,0.0,56.1,0.0,-99.9,0.0,26.8,0.0,-99.9,0.0,25.9,0.0,-99.9,0.0,25.6,1.0,79.4,42.4,63.0,1.0,78.9,48.2,62.8,0.0,-99.9,0.0,26.9
199,3.0,79.5,0.0,51.0,2.2,79.5,0.0,56.0,0.0,-99.9,0.0,26.8,0.0,-99.9,0.0,25.9,0.0,-99.9,0.0,25.6,1.0,79.2,42.0,63.0,1.0,79.0,47.5,62.8,0.0,-99.9,0.0,26.9
200,3.0,79.7,0.0,50.5,2.2,79.8,0.0,56.0,0.0,-99.9,0.0,26.8,0.0,-99.9,0.0,25.9,0.0,-99.9,0.0,25.6,1.0,79.3,41.6,63.0,1.0,79.0,47.1,62.9,0.0,-99.9,0.0,26.9
201,2.9,79.7,0.0,50.9,2.2,79.6,0.0,56.0,0.0,-99.9,0.0,26.8,0.0,-99.9,0.0,25.9,0.0,-99.9,0.0,25.6,1.0,79.3,41.2,62.9,1.0,79.3,47.1,63.0,0.0,-99.9,0.0,26.9
202,2.9,79.5,0.0,50.5,2.2,79.7,0.0,56.0,0.0,-99.9,0.0,26.8,0.0,-99.9,0.0,25.9,0.0,-99.9,0.0,25.6,1.0,79.3,40.8,63.0,1.0,79.3,46.7,63.0,0.0,-99.9,0.0,26.9
203,2.8,79.5,0.0,51.0,2.2,79.5,0.0,56.0,0.0,-99.9,0.0,26.8,0.0,-99.9,0.0,25.9,0.0,-99.9,0.0,25.7,1.0,79.2,40.8,62.8,1.0,79.2,45.9,63.0,0.0,-99.9,0.0,26.9
204,2.8,79.5,0.0,50.7,2.2,79.6,0.0,56.0,0.0,-99.9,0.0,26.8,0.0,-99.9,0.0,25.9,0.0,-99.9,0.0,25.7,1.0,79.0,40.4,62.8,1.0,79.3,45.5,63.0,0.0,-99.9,0.0,26.9
205,2.8,79.7,0.0,51.1,2.2,79.6,0.0,56.0,0.0,-99.9,0.0,26.8,0.0,-99.9,0.0,25.9,0.0,-99.9,0.0,25.6,0.9,79.1,40.4,62.8,1.0,79.2,45.1,63.0,0.0,-99.9,0.0,27.0
206,2.8,79.8,0.0,50.8,2.2,79.7,0.0,56.1,0.0,-99.9,0.0,26.8,0.0,-99.9,0.0,25.9,0.0,-99.9,0.0,25.7,0.9,79.0,40.4,62.8,1.0,79.1,44.7,63.0,0.0,-99.9,0.0,27.0
207,2.9,79.8,0.0,51.2,2.2,79.5,0.0,56.0,0.0,-99.9,0.0,26.8,0.0,-99.9,0.0,25.9,0.0,-99.9,0.0,25.7,0.9,79.0,40.0,62.8,1.0,79.4,44.3,62.9,0.0,-99.9,0.0,27.0
208,2.9,80.0,0.0,50.9,2.2,79.8,0.0,56.1,0.0,-99.9,0.0,26.8,0.0,-99.9,0.0,25.9,0.0,-99.9,0.0,25.7,0.9,79.2,40.0,63.0,1.0,79.0,43.9,62.9,0.0,-99.9,0.0,27.0
209,2.9,79.8,0.0,51.2,2.2,79.8,0.0,56.0,0.0,-99.9,0.0,26.8,0.0,-99.9,0.0,25.9,0.0,-99.9,0.0,25.7,0.9,79.1,40.0,62.9,1.0,79.2,43.5,62.8,0.0,-99.9,0.0,27.0
210,2.9,79.8,0.0,50.8,2.2,79.5,0.0,56.1,0.0,-99.9,0.0,26.8,0.0,-99.9,0.0,25.9,0.0,-99.9,0.0,25.7,0.9,79.0,39.6,63.0,1.0,79.0,43.5,62.7,0.0,-99.9,0.0,27.0
211,2.9,79.8,0.0,51.2,2.2,79.7,0.0,56.0,0.0,-99.9,0.0,26.8,0.0,-99.9,0.0,26.0,0.0,-99.9,0.0,25.7,0.9,79.3,39.6,63.0,0.9,79.0,43.5,62.8,0.0,-99.9,0.0,27.0
212,2.9,79.8,0.0,50.8,2.2,79.8,0.0,56.1,0.0,-99.9,0.0,26.8,0.0,-99.9,0.0,26.0,0.0,-99.9,0.0,25.7,0.9,79.3,39.2,63.2,0.9,79.0,43.5,63.0,0.0,-99.9,0.0,27.0
213,2.9,79.5,0.0,51.2,2.2,79.8,0.0,56.1,0.0,-99.9,0.0,26.9,0.0,-99.9,0.0,26.0,0.0,-99.9,0.0,25.7,0.9,79.3,38.8,63.2,1.0,79.0,43.1,63.0,0.0,-99.9,0.0,27.0
214,2.9,80.0,0.0,50.8,2.2,79.5,0.0,56.1,0.0,-99.9,0.0,26.9,0.0,-99.9,0.0,26.0,0.0,-99.9,0.0,25.7,0.9,79.3,38.4,63.0,0.9,79.0,43.1,62.7,0.0,-99.9,0.0,27.0
215,2.8,79.8,0.0,51.0,2.2,79.7,0.0,56.0,0.0,-99.9,0.0,26.9,0.0,-99.9,0.0,26.0,0.0,-99.9,0.0,25.7,0.9,79.0,38.0,62.9,0.9,78.8,44.7,62.7,0.0,-99.9,0.0,27.0
216,2.8,79.8,0.0,50.7,2.1,79.7,0.0,56.0,0.0,-99.9,0.0,26.9,0.0,-99.9,0.0,26.0,0.0,-99.9,0.0,25.7,0.9,79.0,37.6,63.1,0.9,79.0,43.1,63.0,0.0,-99.9,0.0,27.0
217,2.8,79.6,0.0,51.2,2.1,79.5,0.0,56.0,0.0,-99.9,0.0,26.9,0.0,-99.9,0.0,26.0,0.0,-99.9,0.0,25.7,0.9,79.3,37.3,63.1,0.9,79.0,42.7,63.1,0.0,-99.9,0.0,27.0
218,2.9,80.0,0.0,50.9,2.2,79.8,0.0,56.2,0.0,-99.9,0.0,26.9,0.0,-99.9,0.0,26.0,0.0,-99.9,0.0,25.7,0.9,79.3,37.3,63.1,0.9,79.3,42.7,63.1,0.0,-99.9,0.0,27.1
219,2.9,79.9,0.0,51.2,2.2,79.6,0.0,56.2,0.0,-99.9,0.0,26.9,0.0,-99.9,0.0,26.0,0.0,-99.9,0.0,25.7,0.9,79.3,36.9,63.0,0.9,79.1,42.4,63.1,0.0,-99.9,0.0,27.1
220,2.9,80.0,0.0,50.9,2.2,79.8,0.0,56.2,0.0,-99.9,0.0,26.9,0.0,-99.9,0.0,26.0,0.0,-99.9,0.0,25.7,0.9,79.1,36.5,63.0,0.9,79.4,42.0,63.2,0.0,-99.9,0.0,27.1
221,2.9,79.9,0.0,51.1,2.2,79.7,0.0,56.2,0.0,-99.9,0.0,26.9,0.0,-99.9,0.0,26.0,0.0,-99.9,0.0,25.7,0.9,79.2,36.5,62.9,0.9,79.3,41.6,63.2,0.0,-99.9,0.0,27.1
222,2.9,80.0,0.0,50.8,2.2,79.8,0.0,56.2,0.0,-99.9,0.0,26.9,0.0,-99.9,0.0,26.0,0.0,-99.9,0.0,25.7,0.9,79.0,36.1,62.9,0.9,79.3,41.2,63.2,0.0,-99.9,0.0,27.1
223,2.9,79.8,0.0,51.0,2.2,79.8,0.0,56.2,0.0,-99.9,0.0,26.9,0.0,-99.9,0.0,26.0,0.0,-99.9,0.0,25.7,0.9,78.8,37.6,62.9,0.9,79.3,40.8,63.1,0.0,-99.9,0.0,27.1
224,2.9,79.8,0.0,50.8,2.2,80.0,0.0,56.2,0.0,-99.9,0.0,26.9,0.0,-99.9,0.0,26.0,0.0,-99.9,0.0,25.8,0.8,79.0,36.1,63.0,0.9,78.8,42.4,63.1,0.0,-99.9,0.0,27.1
225,2.9,79.7,0.0,51.0,2.2,79.9,0.0,56.2,0.0,-99.9,0.0,26.9,0.0,-99.9,0.0,26.0,0.0,-99.9,0.0,25.8,0.8,79.1,36.1,63.0,0.9,79.0,40.4,63.0,0.0,-99.9,0.0,27.1
226,2.9,79.8,0.0,50.8,2.2,79.8,0.0,56.2,0.0,-99.9,0.0,26.9,0.0,-99.9,0.0,26.0,0.0,-99.9,0.0,25.8,0.8,79.0,35.7,63.1,0.9,79.0,40.0,63.0,0.0,-99.9,0.0,27.1
227,2.8,79.7,0.0,51.0,2.2,79.7,0.0,56.2,0.0,-99.9,0.0,26.9,0.0,-99.9,0.0,26.0,0.0,-99.9,0.0,25.8,0.8,79.3,35.3,63.1,0.9,79.0,40.0,62.9,0.0,-99.9,0.0,27.1
228,2.8,80.0,0.0,50.8,2.2,79.8,0.0,56.2,0.0,-99.9,0.0,26.9,0.0,-99.9,0.0,26.0,0.0,-99.9,0.0,25.8,0.8,79.3,34.9,63.2,0.9,79.0,40.0,62.8,0.0,-99.9,0.0,27.1
229,2.8,79.7,0.0,51.0,2.2,79.5,0.0,56.2,0.0,-99.9,0.0,26.9,0.0,-99.9,0.0,26.0,0.0,-99.9,0.0,25.8,0.8,79.1,34.9,63.2,0.8,79.0,40.0,62.9,0.0,-99.9,0.0,27.1
230,2.8,79.8,0.0,50.8,2.2,79.8,0.0,56.2,0.0,-99.9,0.0,27.0,0.0,-99.9,0.0,26.1,0.0,-99.9,0.0,25.8,0.8,79.3,34.5,63.2,0.8,79.1,40.0,63.1,0.0,-99.9,0.0,27.2
231,2.9,79.8,0.0,51.1,2.2,79.5,0.0,56.2,0.0,-99.9,0.0,27.0,0.0,-99.9,0.0,26.1,0.0,-99.9,0.0,25.8,0.8,79.1,34.1,63.2,0.8,79.0,40.0,63.1,0.0,-99.9,0.0,27.2
232,2.9,79.8,0.0,50.8,2.2,79.8,0.0,56.2,0.0,-99.9,0.0,27.0,0.0,-99.9,0.0,26.1,0.0,-99.9,0.0,25.8,0.8,79.3,33.7,63.2,0.8,79.2,39.6,63.2,0.0,-99.9,0.0,27.2
233,2.8,79.6,0.0,51.0,2.2,79.6,0.0,56.2,0.0,-99.9,0.0,27.0,0.0,-99.9,0.0,26.1,0.0,-99.9,0.0,25.8,0.8,79.1,33.3,63.1,0.8,79.2,39.2,63.1,0.0,-99.9,0.0,27.2
234,2.9,80.0,0.0,50.8,2.2,79.8,0.0,56.2,0.0,-99.9,0.0,27.0,0.0,-99.9,0.0,26.1,0.0,-99.9,0.0,25.8,0.8,79.3,32.9,63.2,0.8,79.3,39.2,63.3,0.0,-99.9,0.0,27.2
235,2.8,79.5,0.0,51.0,2.2,79.5,0.0,56.2,0.0,-99.9,0.0,27.0,0.0,-99.9,0.0,26.1,0.0,-99.9,0.0,25.8,0.8,79.3,32.5,63.1,0.8,79.3,38.8,63.2,0.0,-99.9,0.0,27.2
236,2.8,79.8,0.0,50.8,2.2,79.8,0.0,56.2,0.0,-99.9,0.0,27.0,0.0,-99.9,0.0,26.1,0.0,-99.9,0.0,25.8,0.8,79.0,32.5,63.0,0.8,79.0,38.4,63.2,0.0,-99.9,0.0,27.2
237,2.8,79.6,0.0,51.0,2.2,79.8,0.0,56.1,0.0,-99.9,0.0,27.0,0.0,-99.9,0.0,26.1,0.0,-99.9,0.0,25.8,0.8,79.0,32.5,62.8,0.8,79.0,38.0,63.1,0.0,-99.9,0.0,27.2
238,2.8,79.8,0.0,50.8,2.1,79.8,0.0,56.1,0.0,-99.9,0.0,27.0,0.0,-99.9,0.0,26.1,0.0,-99.9,0.0,25.8,0.8,78.8,34.5,63.0,0.8,79.0,38.0,63.4,0.0,-99.9,0.0,27.2
239,2.9,79.6,0.0,51.1,2.1,79.8,0.0,56.2,0.0,-99.9,0.0,27.0,0.0,-99.9,0.0,26.1,0.0,-99.9,0.0,25.8,0.8,79.0,32.5,62.9,0.8,79.5,37.6,63.4,0.0,-99.9,0.0,27.2
240,2.9,80.0,0.0,50.9,2.2,79.8,0.0,56.3,0.0,-99.9,0.0,27.0,0.0,-99.9,0.0,26.1,0.0,-99.9,0.0,25.8,0.7,78.9,32.9,63.0,0.8,79.3,36.9,63.4,0.0,-99.9,0.0,27.2
241,2.9,79.8,0.0,51.0,2.2,80.0,0.0,56.3,0.0,-99.9,0.0,27.0,0.0,-99.9,0.0,26.1,0.0,-99.9,0.0,25.8,0.7,78.8,34.1,63.0,0.8,79.1,36.5,63.3,0.0,-99.9,0.0,27.2
242,2.9,79.8,0.0,50.9,2.2,80.0,0.0,56.3,0.0,-99.9,0.0,27.0,0.0,-99.9,0.0,26.1,0.0,-99.9,0.0,25.8,0.7,79.0,32.2,63.2,0.8,79.3,35.7,63.3,0.0,-99.9,0.0,27.2
243,2.9,79.5,0.0,51.0,2.2,79.8,0.0,56.3,0.0,-99.9,0.0,27.0,0.0,-99.9,0.0,26.1,0.0,-99.9,0.0,25.9,0.7,79.1,32.2,63.2,0.8,79.3,35.3,63.2,0.0,-99.9,0.0,27.3
244,2.8,79.8,0.0,50.9,2.2,79.8,0.0,56.2,0.0,-99.9,0.0,27.0,0.0,-99.9,0.0,26.1,0.0,-99.9,0.0,25.8,0.7,79.0,32.2,63.3,0.8,79.1,34.9,63.1,0.0,-99.9,0.0,27.3
245,2.8,79.6,0.0,51.0,2.2,79.7,0.0,56.2,0.0,-99.9,0.0,27.0,0.0,-99.9,0.0,26.1,0.0,-99.9,0.0,25.9,0.7,79.0,31.8,63.3,0.8,79.0,34.9,63.0,0.0,-99.9,0.0,27.3
246,2.9,79.8,0.0,50.8,2.2,79.8,0.0,56.2,0.0,-99.9,0.0,27.0,0.0,-99.9,0.0,26.2,0.0,-99.9,0.0,25.9,0.7,79.3,31.4,63.3,0.8,79.0,35.3,63.0,0.0,-99.9,0.0,27.3
247,2.9,79.6,0.0,50.8,2.2,79.8,0.0,56.2,0.0,-99.9,0.0,27.0,0.0,-99.9,0.0,26.1,0.0,-99.9,0.0,25.9,0.7,79.1,30.6,63.3,0.8,78.8,36.9,62.8,0.0,-99.9,0.0,27.3
248,2.8,79.7,0.0,50.8,2.1,79.7,0.0,56.2,0.0,-99.9,0.0,27.0,0.0,-99.9,0.0,26.2,0.0,-99.9,0.0,25.9,0.7,79.3,30.2,63.4,0.7,78.8,36.9,62.9,0.0,-99.9,0.0,27.3
249,2.9,79.5,0.0,50.9,2.2,79.5,0.0,56.2,0.0,-99.9,0.0,27.0,0.0,-99.9,0.0,26.2,0.0,-99.9,0.0,25.9,0.7,79.5,29.8,63.3,0.7,78.7,37.3,63.0,0.0,-99.9,0.0,27.3
250,2.9,79.8,0.0,50.8,2.2,79.9,0.0,56.2,0.0,-99.9,0.0,27.0,0.0,-99.9,0.0,26.2,0.0,-99.9,0.0,25.9,0.7,79.0,29.4,63.3,0.7,78.8,36.9,63.2,0.0,-99.9,0.0,27.3
251,2.8,79.5,0.0,50.9,2.2,79.7,0.0,56.2,0.0,-99.9,0.0,27.0,0.0,-99.9,0.0,26.2,0.0,-99.9,0.0,25.9,0.7,79.1,29.0,63.2,0.7,79.0,34.9,63.2,0.0,-99.9,0.0,27.3
252,2.9,79.7,0.0,51.0,2.2,79.8,0.0,56.2,0.0,-99.9,0.0,27.0,0.0,-99.9,0.0,26.2,0.0,-99.9,0.0,25.9,0.7,79.1,28.6,63.2,0.8,79.3,34.9,63.2,0.0,-99.9,0.0,27.3
253,2.9,79.5,0.0,51.0,2.2,79.8,0.0,56.2,0.0,-99.9,0.0,27.0,0.0,-99.9,0.0,26.2,0.0,-99.9,0.0,25.9,0.7,79.3,28.6,63.1,0.7,79.0,34.9,63.0,0.0,-99.9,0.0,27.3
254,2.9,79.8,0.0,51.0,2.2,79.5,0.0,56.2,0.0,-99.9,0.0,27.0,0.0,-99.9,0.0,26.2,0.0,-99.9,0.0,25.9,0.7,79.0,28.2,63.1,0.7,78.9,35.7,63.1,0.0,-99.9,0.0,27.3
255,2.9,79.5,0.0,50.9,2.2,79.8,0.0,56.2,0.0,-99.9,0.0,27.1,0.0,-99.9,0.0,26.2,0.0,-99.9,0.0,25.9,0.7,79.0,28.2,63.0,0.7,79.0,34.9,63.2,0.0,-99.9,0.0,27.3
256,2.9,79.7,0.0,51.0,2.2,79.8,0.0,56.3,0.0,-99.9,0.0,27.1,0.0,-99.9,0.0,26.2,0.0,-99.9,0.0,25.9,0.7,78.8,29.8,63.1,0.7,79.2,34.9,63.4,0.0,-99.9,0.0,27.3
257,2.9,79.5,0.0,50.9,2.2,79.8,0.0,56.3,0.0,-99.9,0.0,27.1,0.0,-99.9,0.0,26.2,0.0,-99.9,0.0,25.9,0.7,78.8,30.2,63.0,0.7,79.0,34.5,63.3,0.0,-99.9,0.0,27.4
258,2.9,79.8,0.0,51.0,2.2,79.9,0.0,56.3,0.0,-99.9,0.0,27.1,0.0,-99.9,0.0,26.2,0.0,-99.9,0.0,25.9,0.7,78.9,28.6,62.8,0.7,79.2,34.1,63.3,0.0,-99.9,0.0,27.4
259,2.9,79.5,0.0,50.8,2.2,79.5,0.0,56.3,0.0,-99.9,0.0,27.1,0.0,-99.9,0.0,26.2,0.0,-99.9,0.0,25.9,0.6,78.7,31.0,62.9,0.7,79.0,34.1,63.3,0.0,-99.9,0.0,27.4
260,2.8,79.5,0.0,50.8,2.2,79.7,0.0,56.2,0.0,-99.9,0.0,27.1,0.0,-99.9,0.0,26.2,0.0,-99.9,0.0,25.9,0.6,78.8,29.8,63.2,0.7,79.3,34.1,63.5,0.0,-99.9,0.0,27.4
261,2.9,79.5,0.0,51.0,2.2,79.6,0.0,56.3,0.0,-99.9,0.0,27.1,0.0,-99.9,0.0,26.2,0.0,-99.9,0.0,25.9,0.7,79.0,28.2,63.2,0.7,79.3,33.7,63.4,0.0,-99.9,0.0,27.4
262,2.9,79.7,0.0,51.1,2.2,79.8,0.0,56.3,0.0,-99.9,0.0,27.1,0.0,-99.9,0.0,26.2,0.0,-99.9,0.0,25.9,0.7,79.1,28.2,63.2,0.7,79.2,33.3,63.4,0.0,-99.9,0.0,27.4
263,2.9,79.5,0.0,51.0,2.2,79.8,0.0,56.3,0.0,-99.9,0.0,27.1,0.0,-99.9,0.0,26.2,0.0,-99.9,0.0,25.9,0.6,79.0,28.2,63.1,0.7,79.0,32.9,63.3,0.0,-99.9,0.0,27.4
264,2.9,79.8,0.0,51.0,2.2,79.8,0.0,56.3,0.0,-99.9,0.0,27.1,0.0,-99.9,0.0,26.2,0.0,-99.9,0.0,25.9,0.6,79.0,27.8,63.2,0.7,79.3,32.5,63.4,0.0,-99.9,0.0,27.4
265,2.8,79.5,0.0,50.8,2.2,79.7,0.0,56.3,0.0,-99.9,0.0,27.1,0.0,-99.9,0.0,26.2,0.0,-99.9,0.0,25.9,0.6,79.0,27.8,63.2,0.7,79.3,32.5,63.3,0.0,-99.9,0.0,27.4
266,2.8,79.8,0.0,51.1,2.2,79.5,0.0,56.2,0.0,-99.9,0.0,27.1,0.0,-99.9,0.0,26.2,0.0,-99.9,0.0,25.9,0.6,79.1,27.8,63.3,0.7,79.0,32.2,63.3,0.0,-99.9,0.0,27.4
267,2.8,79.5,0.0,50.9,2.2,79.5,0.0,56.2,0.0,-99.9,0.0,27.1,0.0,-99.9,0.0,26.2,0.0,-99.9,0.0,26.0,0.6,79.0,27.5,63.3,0.7,79.0,32.2,63.2,0.0,-99.9,0.0,27.4
268,2.8,79.8,0.0,51.1,2.2,79.8,0.0,56.2,0.0,-99.9,0.0,27.1,0.0,-99.9,0.0,26.3,0.0,-99.9,0.0,26.0,0.6,79.5,27.5,63.3,0.7,78.9,32.9,63.2,0.0,-99.9,0.0,27.4
269,2.8,79.8,0.0,51.0,2.2,79.5,0.0,56.1,0.0,-99.9,0.0,27.1,0.0,-99.9,0.0,26.3,0.0,-99.9,0.0,26.0,0.6,79.3,27.1,63.3,0.7,78.8,33.7,63.1,0.0,-99.9,0.0,27.4
270,2.8,79.9,0.0,51.2,2.2,79.6,0.0,56.1,0.0,-99.9,0.0,27.1,0.0,-99.9,0.0,26.3,0.0,-99.9,0.0,26.0,0.6,79.1,26.7,63.4,0.6,79.0,32.2,63.2,0.0,-99.9,0.0,27.4
271,2.9,79.8,0.0,51.0,2.1,79.5,0.0,56.1,0.0,-99.9,0.0,27.1,0.0,-99.9,0.0,26.3,0.0,-99.9,0.0,26.0,0.6,78.9,27.1,63.3,0.6,78.8,34.1,63.3,0.0,-99.9,0.0,27.4
272,2.9,80.0,0.0,51.2,2.1,79.7,0.0,56.1,0.0,-99.9,0.0,27.1,0.0,-99.9,0.0,26.3,0.0,-99.9,0.0,26.0,0.6,79.0,26.3,63.3,0.6,79.0,32.2,63.5,0.0,-99.9,0.0,27.4
273,2.8,79.8,0.0,50.9,2.1,79.3,0.0,56.2,0.0,-99.9,0.0,27.1,0.0,-99.9,0.0,26.3,0.0,-99.9,0.0,26.0,0.6,79.0,26.3,63.2,0.7,79.2,31.8,63.5,0.0,-99.9,0.0,27.4
274,2.8,79.9,0.0,51.2,2.2,79.8,0.0,56.3,0.0,-99.9,0.0,27.1,0.0,-99.9,0.0,26.3,0.0,-99.9,0.0,26.0,0.6,79.0,25.9,63.3,0.6,79.0,31.8,63.4,0.0,-99.9,0.0,27.4
275,2.8,79.8,0.0,51.0,2.2,79.9,0.0,56.3,0.0,-99.9,0.0,27.1,0.0,-99.9,0.0,26.3,0.0,-99.9,0.0,26.0,0.6,78.9,27.1,63.2,0.6,79.3,31.4,63.5,0.0,-99.9,0.0,27.4
276,2.8,79.9,0.0,51.3,2.2,79.6,0.0,56.2,0.0,-99.9,0.0,27.1,0.0,-99.9,0.0,26.3,0.0,-99.9,0.0,26.0,0.6,79.0,25.9,63.2,0.6,79.1,31.0,63.7,0.0,-99.9,0.0,27.5
277,2.8,79.8,0.0,51.1,2.2,79.5,0.0,56.2,0.0,-99.9,0.0,27.1,0.0,-99.9,0.0,26.3,0.0,-99.9,0.0,26.0,0.6,79.0,25.9,63.1,0.7,79.2,30.6,63.6,0.0,-99.9,0.0,27.5
278,2.8,80.0,0.0,51.5,2.2,79.8,0.0,56.2,0.0,-99.9,0.0,27.1,0.0,-99.9,0.0,26.3,0.0,-99.9,0.0,26.0,0.6,79.0,25.9,63.2,0.7,79.1,29.8,63.5,0.0,-99.9,0.0,27.5
279,2.9,80.0,0.0,51.2,2.1,79.8,0.0,56.2,0.0,-99.9,0.0,27.1,0.0,-99.9,0.0,26.3,0.0,-99.9,0.0,26.0,0.6,78.9,26.3,63.1,0.6,79.2,29.8,63.4,0.0,-99.9,0.0,27.5
280,2.9,80.0,0.0,51.5,2.2,79.8,0.0,56.2,0.0,-99.9,0.0,27.1,0.0,-99.9,0.0,26.3,0.0,-99.9,0.0,26.0,0.6,79.0,25.9,63.1,0.6,79.2,29.4,63.6,0.0,-99.9,0.0,27.5
281,2.9,79.8,0.0,51.0,2.2,79.5,0.0,56.2,0.0,-99.9,0.0,27.1,0.0,-99.9,0.0,26.3,0.0,-99.9,0.0,26.0,0.5,78.9,26.3,63.1,0.6,79.4,29.0,63.5,0.0,-99.9,0.0,27.5
282,2.8,79.8,0.0,51.4,2.2,79.6,0.0,56.2,0.0,-99.9,0.0,27.1,0.0,-99.9,0.0,26.3,0.0,-99.9,0.0,26.0,0.6,79.1,25.9,63.4,0.6,79.0,28.6,63.7,0.0,-99.9,0.0,27.5
283,2.9,79.8,0.0,51.0,2.2,79.5,0.0,56.2,0.0,-99.9,0.0,27.1,0.0,-99.9,0.0,26.3,0.0,-99.9,0.0,26.0,0.6,79.0,25.9,63.3,0.6,79.2,28.2,63.6,0.0,-99.9,0.0,27.5
284,2.9,80.0,0.0,51.5,2.2,79.8,0.0,56.3,0.0,-99.9,0.0,27.2,0.0,-99.9,0.0,26.3,0.0,-99.9,0.0,26.0,0.5,79.0,25.9,63.2,0.6,79.0,27.8,63.6,0.0,-99.9,0.0,27.5
285,2.9,79.8,0.0,51.0,2.2,79.7,0.0,56.3,0.0,-99.9,0.0,27.1,0.0,-99.9,0.0,26.3,0.0,-99.9,0.0,26.0,0.5,78.8,27.1,63.3,0.6,79.0,27.8,63.5,0.0,-99.9,0.0,27.5
286,2.8,79.8,0.0,51.4,2.2,79.8,0.0,56.3,0.0,-99.9,0.0,27.2,0.0,-99.9,0.0,26.3,0.0,-99.9,0.0,26.0,0.5,79.2,25.5,63.5,0.6,79.1,27.5,63.5,0.0,-99.9,0.0,27.5
287,2.9,79.8,0.0,51.0,2.2,79.5,0.0,56.2,0.0,-99.9,0.0,27.2,0.0,-99.9,0.0,26.3,0.0,-99.9,0.0,26.0,0.6,79.3,25.1,63.5,0.6,79.0,27.5,63.4,0.0,-99.9,0.0,27.5
288,2.9,79.9,0.0,51.5,2.2,79.8,0.0,56.3,0.0,-99.9,0.0,27.1,0.0,-99.9,0.0,26.4,0.0,-99.9,0.0,26.0,0.5,79.3,24.7,63.4,0.6,79.0,27.1,63.5,0.0,-99.9,0.0,27.5
289,2.9,79.8,0.0,51.0,2.2,79.5,0.0,56.3,0.0,-99.9,0.0,27.2,0.0,-99.9,0.0,26.4,0.0,-99.9,0.0,26.0,0.5,79.3,24.3,63.5,0.6,79.2,27.1,63.4,0.0,-99.9,0.0,27.5
290,2.9,79.8,0.0,51.5,2.2,79.8,0.0,56.2,0.0,-99.9,0.0,27.2,0.0,-99.9,0.0,26.4,0.0,-99.9,0.0,26.0,0.5,79.2,23.9,63.6,0.6,79.0,27.1,63.4,0.0,-99.9,0.0,27.5
291,2.8,79.8,0.0,51.0,2.1,79.5,0.0,56.3,0.0,-99.9,0.0,27.2,0.0,-99.9,0.0,26.4,0.0,-99.9,0.0,26.0,0.6,79.1,23.1,63.5,0.6,79.0,27.1,63.3,0.0,-99.9,0.0,27.5
292,2.8,79.8,0.0,51.4,2.2,80.0,0.0,56.4,0.0,-99.9,0.0,27.2,0.0,-99.9,0.0,26.4,0.0,-99.9,0.0,26.0,0.5,79.3,22.7,63.5,0.6,79.0,27.1,63.3,0.0,-99.9,0.0,27.5
293,2.8,79.8,0.0,51.0,2.2,79.6,0.0,56.4,0.0,-99.9,0.0,27.2,0.0,-99.9,0.0,26.4,0.0,-99.9,0.0,26.0,0.5,79.3,22.4,63.6,0.6,79.0,27.1,63.2,0.0,-99.9,0.0,27.5
294,2.9,79.9,0.0,51.5,2.2,80.0,0.0,56.3,0.0,-99.9,0.0,27.2,0.0,-99.9,0.0,26.4,0.0,-99.9,0.0,26.0,0.5,79.4,21.6,63.7,0.5,78.8,29.0,63.4,0.0,-99.9,0.0,27.5
295,2.8,79.8,0.0,51.0,2.1,79.8,0.0,56.3,0.0,-99.9,0.0,27.2,0.0,-99.9,0.0,26.4,0.0,-99.9,0.0,26.0,0.5,79.3,21.2,63.6,0.6,79.0,27.1,63.5,0.0,-99.9,0.0,27.5
296,2.9,80.0,0.0,51.6,2.1,79.8,0.0,56.3,0.0,-99.9,0.0,27.2,0.0,-99.9,0.0,26.4,0.0,-99.9,0.0,26.0,0.5,79.3,20.4,63.7,0.6,78.8,28.6,63.5,0.0,-99.9,0.0,27.5
297,2.8,79.8,0.0,51.0,2.1,79.8,0.0,56.3,0.0,-99.9,0.0,27.2,0.0,-99.9,0.0,26.4,0.0,-99.9,0.0,26.0,0.5,79.3,20.0,63.6,0.5,78.6,30.2,63.5,0.0,-99.9,0.0,27.5
298,2.8,79.8,0.0,51.5,2.1,79.8,0.0,56.3,0.0,-99.9,0.0,27.2,0.0,-99.9,0.0,26.4,0.0,-99.9,0.0,26.0,0.5,79.1,19.2,63.6,0.6,79.0,26.7,63.9,0.0,-99.9,0.0,27.5
299,2.8,79.9,0.0,50.9,2.1,79.8,0.0,56.4,0.0,-99.9,0.0,27.2,0.0,-99.9,0.0,26.4,0.0,-99.9,0.0,26.1,0.5,79.3,18.8,63.5,0.6,79.2,26.3,63.6,0.0,-99.9,0.0,27.5
300,2.8,80.0,0.0,51.5,2.1,79.9,0.0,56.4,0.0,-99.9,0.0,27.2,0.0,-99.9,0.0,26.4,0.0,-99.9,0.0,26.0,0.5,79.0,18.4,63.5,0.5,79.1,25.9,63.7,0.0,-99.9,0.0,27.5
301,2.8,79.8,0.0,50.9,2.1,79.9,0.0,56.5,0.0,-99.9,0.0,27.2,0.0,-99.9,0.0,26.4,0.0,-99.9,0.0,26.1,0.5,79.1,18.4,63.4,0.5,79.1,25.5,63.7,0.0,-99.9,0.0,27.5
302,2.8,79.8,0.0,51.5,2.2,80.0,0.0,56.4,0.0,-99.9,0.0,27.2,0.0,-99.9,0.0,26.4,0.0,-99.9,0.0,26.1,0.5,78.9,18.8,63.3,0.6,79.1,25.1,63.9,0.0,-99.9,0.0,27.5
303,2.8,79.6,0.0,50.9,2.1,79.7,0.0,56.4,0.0,-99.9,0.0,27.2,0.0,-99.9,0.0,26.4,0.0,-99.9,0.0,26.1,0.5,79.0,18.0,63.2,0.5,79.0,24.7,63.6,0.0,-99.9,0.0,27.5
304,2.8,79.8,0.0,51.5,2.1,79.6,0.0,56.3,0.0,-99.9,0.0,27.2,0.0,-99.9,0.0,26.4,0.0,-99.9,0.0,26.1,0.5,78.8,20.0,63.1,0.6,79.3,24.3,64.0,0.0,-99.9,0.0,27.5
305,2.8,80.0,0.0,50.8,2.1,79.7,0.0,56.4,0.0,-99.9,0.0,27.2,0.0,-99.9,0.0,26.4,0.0,-99.9,0.0,26.1,0.5,78.9,18.8,63.0,0.5,79.3,23.5,63.7,0.0,-99.9,0.0,27.6
306,2.9,79.8,0.0,51.5,2.1,79.8,0.0,56.4,0.0,-99.9,0.0,27.2,0.0,-99.9,0.0,26.4,0.0,-99.9,0.0,26.1,0.5,78.9,19.2,63.0,0.6,79.5,23.1,64.1,0.0,-99.9,0.0,27.6
307,2.8,79.6,0.0,50.7,2.1,79.8,0.0,56.4,0.0,-99.9,0.0,27.2,0.0,-99.9,0.0,26.4,0.0,-99.9,0.0,26.1,0.4,78.5,22.0,63.0,0.6,79.3,22.4,64.0,0.0,-99.9,0.0,27.6
308,2.8,79.5,0.0,51.4,2.1,79.8,0.0,56.3,0.0,-99.9,0.0,27.2,0.0,-99.9,0.0,26.4,0.0,-99.9,0.0,26.1,0.5,78.8,20.4,63.9,0.5,79.3,21.6,63.6,0.0,-99.9,0.0,27.6
309,2.8,79.4,0.0,50.7,2.1,79.8,0.0,56.4,0.0,-99.9,0.0,27.2,0.0,-99.9,0.0,26.4,0.0,-99.9,0.0,26.1,0.5,79.3,18.4,63.8,0.5,79.0,21.2,63.5,0.0,-99.9,0.0,27.6
310,2.8,79.8,0.0,51.4,2.1,79.8,0.0,56.4,0.0,-99.9,0.0,27.2,0.0,-99.9,0.0,26.4,0.0,-99.9,0.0,26.1,0.5,79.0,17.6,63.6,0.5,78.8,22.4,63.6,0.0,-99.9,0.0,27.6
311,2.8,79.7,0.0,50.8,2.1,80.0,0.0,56.4,0.0,-99.9,0.0,27.2,0.0,-99.9,0.0,26.4,0.0,-99.9,0.0,26.1,0.5,79.0,17.6,63.4,0.5,78.8,22.4,63.7,0.0,-99.9,0.0,27.6
312,2.8,79.5,0.0,51.5,2.2,79.7,0.0,56.4,0.0,-99.9,0.0,27.2,0.0,-99.9,0.0,26.4,0.0,-99.9,0.0,26.1,0.5,79.0,17.3,63.3,0.5,79.3,21.2,63.8,0.0,-99.9,0.0,27.6
313,2.8,79.5,0.0,50.7,2.1,79.8,0.0,56.4,0.0,-99.9,0.0,27.2,0.0,-99.9,0.0,26.4,0.0,-99.9,0.0,26.1,0.5,78.8,18.4,63.2,0.5,79.0,20.8,63.8,0.0,-99.9,0.0,27.6
314,2.7,79.5,0.0,51.4,2.1,80.0,0.0,56.3,0.0,-99.9,0.0,27.2,0.0,-99.9,0.0,26.4,0.0,-99.9,0.0,26.1,0.4,78.9,18.4,63.3,0.5,79.2,20.8,64.0,0.0,-99.9,0.0,27.6
315,2.7,79.4,0.0,50.7,2.1,79.7,0.0,56.3,0.0,-99.9,0.0,27.2,0.0,-99.9,0.0,26.4,0.0,-99.9,0.0,26.1,0.5,79.0,17.3,64.0,0.5,79.3,20.4,64.1,0.0,-99.9,0.0,27.6
316,2.7,79.5,0.0,51.5,2.1,79.8,0.0,56.2,0.0,-99.9,0.0,27.2,0.0,-99.9,0.0,26.4,0.0,-99.9,0.0,26.1,0.5,79.1,16.9,63.7,0.5,79.3,19.6,64.2,0.0,-99.9,0.0,27.6
317,2.8,79.7,0.0,50.9,2.1,79.5,0.0,56.3,0.0,-99.9,0.0,27.2,0.0,-99.9,0.0,26.4,0.0,-99.9,0.0,26.1,0.5,79.0,16.5,63.5,0.5,79.5,19.2,64.0,0.0,-99.9,0.0,27.6
318,2.8,79.8,0.0,51.5,2.1,79.7,0.0,56.3,0.0,-99.9,0.0,27.2,0.0,-99.9,0.0,26.5,0.0,-99.9,0.0,26.1,0.5,79.2,16.1,63.3,0.5,79.5,18.4,64.0,0.0,-99.9,0.0,27.6
319,2.8,79.5,0.0,50.8,2.1,79.5,0.0,56.3,0.0,-99.9,0.0,27.2,0.0,-99.9,0.0,26.4,0.0,-99.9,0.0,26.1,0.4,79.0,16.1,63.3,0.5,79.3,18.0,63.8,0.0,-99.9,0.0,27.6
320,2.8,79.5,0.0,51.4,2.1,79.7,0.0,56.2,0.0,-99.9,0.0,27.2,0.0,-99.9,0.0,26.4,0.0,-99.9,0.0,26.1,0.4,79.0,16.1,64.0,0.5,79.2,17.3,63.7,0.0,-99.9,0.0,27.6
321,2.8,79.5,0.0,50.7,2.1,79.5,0.0,56.2,0.0,-99.9,0.0,27.2,0.0,-99.9,0.0,26.4,0.0,-99.9,0.0,26.1,0.5,79.3,15.7,64.2,0.5,79.2,17.3,63.6,0.0,-99.9,0.0,27.6
322,2.8,79.5,0.0,51.5,2.1,79.6,0.0,56.2,0.0,-99.9,0.0,27.2,0.0,-99.9,0.0,26.5,0.0,-99.9,0.0,26.1,0.5,79.1,15.3,63.8,0.5,78.9,17.6,63.5,0.0,-99.9,0.0,27.6
323,2.7,79.7,0.0,50.8,2.1,79.6,0.0,56.3,0.0,-99.9,0.0,27.2,0.0,-99.9,0.0,26.5,0.0,-99.9,0.0,26.1,0.5,79.0,14.5,63.5,0.5,79.0,17.3,63.4,0.0,-99.9,0.0,27.6
324,2.7,79.8,0.0,51.6,2.1,79.5,0.0,56.3,0.0,-99.9,0.0,27.2,0.0,-99.9,0.0,26.5,0.0,-99.9,0.0,26.1,0.5,79.2,14.1,63.3,0.5,78.6,20.4,63.4,0.0,-99.9,0.0,27.6
325,2.7,79.8,0.0,50.9,2.1,79.7,0.0,56.3,0.0,-99.9,0.0,27.2,0.0,-99.9,0.0,26.5,0.0,-99.9,0.0,26.1,0.4,78.9,15.3,63.5,0.5,78.7,20.0,63.2,0.0,-99.9,0.0,27.6
326,2.7,79.8,0.0,51.5,2.1,79.8,0.0,56.3,0.0,-99.9,0.0,27.2,0.0,-99.9,0.0,26.5,0.0,-99.9,0.0,26.1,0.5,79.0,14.1,64.2,0.5,78.7,20.4,63.1,0.0,-99.9,0.0,27.6
327,2.7,79.7,0.0,50.9,2.1,79.7,0.0,56.3,0.0,-99.9,0.0,27.2,0.0,-99.9,0.0,26.5,0.0,-99.9,0.0,26.1,0.5,79.3,13.7,63.8,0.5,78.6,21.2,63.6,0.0,-99.9,0.0,27.6
328,2.7,79.8,0.0,51.7,2.1,79.5,0.0,56.2,0.0,-99.9,0.0,27.2,0.0,-99.9,0.0,26.5,0.0,-99.9,0.0,26.1,0.5,79.1,13.3,63.4,0.5,79.0,18.0,63.9,0.0,-99.9,0.0,27.6
329,2.8,80.0,0.0,51.1,2.1,79.8,0.0,56.3,0.0,-99.9,0.0,27.2,0.0,-99.9,0.0,26.5,0.0,-99.9,0.0,26.1,0.4,79.0,12.9,63.2,0.5,78.8,19.6,63.5,0.0,-99.9,0.0,27.6
330,2.8,80.0,0.0,51.7,2.1,79.8,0.0,56.3,0.0,-99.9,0.0,27.2,0.0,-99.9,0.0,26.5,0.0,-99.9,0.0,26.1,0.4,79.0,12.9,63.9,0.5,78.8,19.6,63.3,0.0,-99.9,0.0,27.7
331,2.8,79.9,0.0,51.0,2.1,79.8,0.0,56.3,0.0,-99.9,0.0,27.2,0.0,-99.9,0.0,26.5,0.0,-99.9,0.0,26.1,0.5,79.5,12.5,64.0,0.4,78.5,21.6,63.4,0.0,-99.9,0.0,27.6
332,2.7,79.8,0.0,51.6,2.1,79.8,0.0,56.3,0.0,-99.9,0.0,27.2,0.0,-99.9,0.0,26.5,0.0,-99.9,0.0,26.1,0.5,79.0,12.2,63.4,0.5,78.8,19.6,64.0,0.0,-99.9,0.0,27.6
333,2.8,79.9,0.0,51.0,2.1,79.8,0.0,56.3,0.0,-99.9,0.0,27.2,0.0,-99.9,0.0,26.5,0.0,-99.9,0.0,26.1,0.4,79.0,12.2,63.5,0.5,78.8,19.2,63.6,0.0,-99.9,0.0,27.6
334,2.8,79.8,0.0,51.6,2.1,79.5,0.0,56.2,0.0,-99.9,0.0,27.2,0.0,-99.9,0.0,26.5,0.0,-99.9,0.0,26.1,0.5,79.3,12.2,64.1,0.5,78.8,19.6,63.4,0.0,-99.9,0.0,27.6
335,2.7,79.6,0.0,50.9,2.1,79.7,0.0,56.2,0.0,-99.9,0.0,27.2,0.0,-99.9,0.0,26.5,0.0,-99.9,0.0,26.1,0.5,79.3,11.8,63.7,0.5,78.9,18.8,64.1,0.0,-99.9,0.0,27.6
336,2.8,80.0,0.0,51.7,2.0,79.8,0.0,56.3,0.0,-99.9,0.0,27.2,0.0,-99.9,0.0,26.5,0.0,-99.9,0.0,26.1,0.4,79.0,11.4,63.3,0.5,79.0,17.6,63.9,0.0,-99.9,0.0,27.7
337,2.8,79.8,0.0,50.9,2.0,79.6,0.0,56.3,0.0,-99.9,0.0,27.2,0.0,-99.9,0.0,26.5,0.0,-99.9,0.0,26.2,0.4,79.0,11.4,63.8,0.5,78.8,18.8,63.4,0.0,-99.9,0.0,27.6
338,2.8,79.7,0.0,51.5,2.0,79.7,0.0,56.2,0.0,-99.9,0.0,27.2,0.0,-99.9,0.0,26.5,0.0,-99.9,0.0,26.2,0.5,79.3,11.0,64.0,0.4,79.0,17.6,63.6,0.0,-99.9,0.0,27.6
339,2.7,79.8,0.0,50.9,2.0,79.5,0.0,56.2,0.0,-99.9,0.0,27.2,0.0,-99.9,0.0,26.5,0.0,-99.9,0.0,26.2,0.4,79.3,11.0,63.5,0.5,79.0,18.0,64.3,0.0,-99.9,0.0,27.7
340,2.7,79.8,0.0,51.6,2.0,79.5,0.0,56.3,0.0,-99.9,0.0,27.2,0.0,-99.9,0.0,26.5,0.0,-99.9,0.0,26.1,0.4,79.1,10.6,64.0,0.5,79.3,17.3,63.9,0.0,-99.9,0.0,27.7
341,2.8,79.8,0.0,50.9,2.0,79.8,0.0,56.4,0.0,-99.9,0.0,27.2,0.0,-99.9,0.0,26.5,0.0,-99.9,0.0,26.2,0.5,79.3,10.6,64.3,0.5,79.0,17.3,63.6,0.0,-99.9,0.0,27.6
342,2.7,79.8,0.0,51.6,2.1,79.8,0.0,56.4,0.0,-99.9,0.0,27.2,0.0,-99.9,0.0,26.5,0.0,-99.9,0.0,26.2,0.5,79.3,9.8,63.7,0.4,79.0,17.3,63.8,0.0,-99.9,0.0,27.7
343,2.8,80.0,0.0,50.9,2.1,79.8,0.0,56.4,0.0,-99.9,0.0,27.2,0.0,-99.9,0.0,26.5,0.0,-99.9,0.0,26.2,0.4,79.0,9.4,63.3,0.5,79.3,16.9,64.4,0.0,-99.9,0.0,27.7
344,2.7,79.8,0.0,51.5,2.1,79.6,0.0,56.3,0.0,-99.9,0.0,27.2,0.0,-99.9,0.0,26.5,0.0,-99.9,0.0,26.2,0.4,79.2,9.0,63.8,0.5,79.3,16.5,64.0,0.0,-99.9,0.0,27.7
345,2.7,79.8,0.0,50.9,2.0,79.5,0.0,56.3,0.0,-99.9,0.0,27.2,0.0,-99.9,0.0,26.5,0.0,-99.9,0.0,26.2,0.5,79.0,9.0,64.2,0.5,79.0,16.1,63.6,0.0,-99.9,0.0,27.7
346,2.7,79.8,0.0,51.6,2.1,79.5,0.0,56.4,0.0,-99.9,0.0,27.3,0.0,-99.9,0.0,26.5,0.0,-99.9,0.0,26.2,0.4,79.2,8.6,63.6,0.4,79.0,16.1,63.5,0.0,-99.9,0.0,27.7
347,2.7,79.8,0.0,50.8,2.1,79.8,0.0,56.4,0.0,-99.9,0.0,27.2,0.0,-99.9,0.0,26.5,0.0,-99.9,0.0,26.2,0.4,79.0,8.2,63.9,0.4,79.3,16.1,64.2,0.0,-99.9,0.0,27.7
348,2.7,79.8,0.0,51.5,2.0,79.8,0.0,56.2,0.0,-99.9,0.0,27.2,0.0,-99.9,0.0,26.5,0.0,-99.9,0.0,26.2,0.5,79.3,7.8,64.3,0.5,79.2,16.1,64.1,0.0,-99.9,0.0,27.7
349,2.7,79.8,0.0,51.0,2.0,79.8,0.0,56.3,0.0,-99.9,0.0,27.3,0.0,-99.9,0.0,26.5,0.0,-99.9,0.0,26.2,0.5,79.1,7.5,63.8,0.5,79.2,15.7,63.7,0.0,-99.9,0.0,27.7
350,2.8,79.8,0.0,51.5,2.0,79.5,0.0,56.3,0.0,-99.9,0.0,27.3,0.0,-99.9,0.0,26.5,0.0,-99.9,0.0,26.2,0.4,79.2,7.1,63.8,0.4,79.0,15.3,64.2,0.0,-99.9,0.0,27.7
351,2.7,79.7,0.0,50.7,2.0,79.6,0.0,56.3,0.0,-99.9,0.0,27.2,0.0,-99.9,0.0,26.5,0.0,-99.9,0.0,26.2,0.4,79.3,6.7,64.2,0.5,79.3,15.3,64.4,0.0,-99.9,0.0,27.7
352,2.7,79.7,0.0,51.5,2.0,79.8,0.0,56.4,0.0,-99.9,0.0,27.2,0.0,-99.9,0.0,26.5,0.0,-99.9,0.0,26.2,0.5,79.1,6.3,63.8,0.5,79.3,14.5,64.0,0.0,-99.9,0.0,27.7
353,2.7,79.8,0.0,50.8,2.1,79.8,0.0,56.5,0.0,-99.9,0.0,27.2,0.0,-99.9,0.0,26.5,0.0,-99.9,0.0,26.2,0.4,79.0,5.9,63.6,0.4,79.0,14.5,63.8,0.0,-99.9,0.0,27.7
354,2.7,79.7,0.0,51.4,2.0,79.5,0.0,56.3,0.0,-99.9,0.0,27.2,0.0,-99.9,0.0,26.5,0.0,-99.9,0.0,26.2,0.4,79.2,5.9,64.0,0.5,79.0,14.1,64.4,0.0,-99.9,0.0,27.7
355,2.7,79.7,0.0,50.8,2.0,79.5,0.0,56.3,0.0,-99.9,0.0,27.3,0.0,-99.9,0.0,26.5,0.0,-99.9,0.0,26.2,0.4,79.3,5.5,64.2,0.5,79.3,13.7,64.0,0.0,-99.9,0.0,27.7
356,2.8,79.8,0.0,51.5,2.0,79.5,0.0,56.3,0.0,-99.9,0.0,27.3,0.0,-99.9,0.0,26.5,0.0,-99.9,0.0,26.2,0.5,79.5,4.7,63.8,0.4,79.0,13.3,63.9,0.0,-99.9,0.0,27.7
357,2.7,79.6,0.0,50.8,2.0,79.8,0.0,56.4,0.0,-99.9,0.0,27.2,0.0,-99.9,0.0,26.5,0.0,-99.9,0.0,26.2,0.4,78.9,5.5,63.5,0.4,79.1,13.3,64.5,0.0,-99.9,0.0,27.7
358,2.7,79.7,0.0,51.4,2.0,79.5,0.0,56.3,0.0,-99.9,0.0,27.3,0.0,-99.9,0.0,26.5,0.0,-99.9,0.0,26.2,0.4,79.0,4.7,63.8,0.5,79.3,12.5,64.3,0.0,-99.9,0.0,27.7
359,2.7,79.5,0.0,50.8,2.0,79.8,0.0,56.4,0.0,-99.9,0.0,27.3,0.0,-99.9,0.0,26.6,0.0,-99.9,0.0,26.2,0.4,79.0,4.3,64.1,0.4,79.1,12.2,63.8,0.0,-99.9,0.0,27.7
360,2.7,79.5,0.0,51.3,2.0,79.5,0.0,56.3,0.0,-99.9,0.0,27.3,0.0,-99.9,0.0,26.5,0.0,-99.9,0.0,26.2,0.4,79.1,4.3,64.2,0.4,79.2,11.8,64.4,0.0,-99.9,0.0,27.7
361,2.7,79.5,0.0,50.7,2.0,79.8,0.0,56.3,0.0,-99.9,0.0,27.3,0.0,-99.9,0.0,26.5,0.0,-99.9,0.0,26.2,0.5,79.3,3.9,64.0,0.5,79.5,11.4,64.4,0.0,-99.9,0.0,27.7
362,2.7,79.7,0.0,51.4,2.0,79.5,0.0,56.3,0.0,-99.9,0.0,27.3,0.0,-99.9,0.0,26.6,0.0,-99.9,0.0,26.2,0.4,79.0,3.5,63.8,0.4,79.2,11.0,63.7,0.0,-99.9,0.0,27.7
363,2.7,79.8,0.0,50.7,2.0,80.0,0.0,56.3,0.0,-99.9,0.0,27.2,0.0,-99.9,0.0,26.5,0.0,-99.9,0.0,26.2,0.4,79.2,3.5,64.1,0.4,79.0,10.6,64.2,0.0,-99.9,0.0,27.7
364,2.6,79.5,0.0,51.3,2.0,79.7,0.0,56.3,0.0,-99.9,0.0,27.3,0.0,-99.9,0.0,26.5,0.0,-99.9,0.0,26.2,0.4,79.1,3.1,64.2,0.5,79.3,10.2,64.3,0.0,-99.9,0.0,27.7
365,2.7,79.5,0.0,50.7,2.0,79.6,0.0,56.3,0.0,-99.9,0.0,27.3,0.0,-99.9,0.0,26.5,0.0,-99.9,0.0,26.2,0.4,79.1,2.7,64.3,0.4,79.0,9.8,63.7,0.0,-99.9,0.0,27.7
366,2.6,79.7,0.0,51.3,2.0,79.8,0.0,56.3,0.0,-99.9,0.0,27.3,0.0,-99.9,0.0,26.6,0.0,-99.9,0.0,26.2,0.5,79.6,2.0,64.4,0.4,79.2,9.8,64.2,0.0,-99.9,0.0,27.7
367,2.7,79.8,0.0,50.8,2.0,79.7,0.0,56.3,0.0,-99.9,0.0,27.3,0.0,-99.9,0.0,26.5,0.0,-99.9,0.0,26.2,0.4,79.3,1.2,63.6,0.5,79.0,9.8,64.6,0.0,-99.9,0.0,27.7
368,2.7,79.6,0.0,51.4,2.0,79.8,0.0,56.3,0.0,-99.9,0.0,27.3,0.0,-99.9,0.0,26.6,0.0,-99.9,0.0,26.2,0.4,78.9,2.4,63.5,0.5,79.3,9.4,64.1,0.0,-99.9,0.0,27.7
369,2.7,79.8,0.0,50.8,2.0,79.5,0.0,56.4,0.0,-99.9,0.0,27.3,0.0,-99.9,0.0,26.6,0.0,-99.9,0.0,26.2,0.4,78.8,2.7,63.7,0.4,79.0,9.0,63.5,0.0,-99.9,0.0,27.7
370,2.7,79.6,0.0,51.3,2.0,79.3,0.0,56.3,0.0,-99.9,0.0,27.3,0.0,-99.9,0.0,26.6,0.0,-99.9,0.0,26.2,0.4,78.8,3.1,63.8,0.4,78.9,9.8,64.1,0.0,-99.9,0.0,27.7
371,2.7,79.7,0.0,50.6,2.0,79.5,0.0,56.3,0.0,-99.9,0.0,27.3,0.0,-99.9,0.0,26.6,0.0,-99.9,0.0,26.2,0.4,79.0,1.6,63.9,0.4,78.9,9.8,64.4,0.0,-99.9,0.0,27.7
372,2.7,79.5,0.0,51.2,1.9,79.5,0.0,56.2,0.0,-99.9,0.0,27.3,0.0,-99.9,0.0,26.6,0.0,-99.9,0.0,26.2,0.4,79.0,1.2,64.0,0.5,79.5,9.0,64.7,0.0,-99.9,0.0,27.7
373,2.6,79.5,0.0,50.7,1.9,79.8,0.0,56.3,0.0,-99.9,0.0,27.3,0.0,-99.9,0.0,26.6,0.0,-99.9,0.0,26.2,0.4,79.1,1.2,64.0,0.5,79.3,8.2,64.0,0.0,-99.9,0.0,27.7
374,2.7,79.5,0.0,51.4,2.0,79.8,0.0,56.4,0.0,-99.9,0.0,27.3,0.0,-99.9,0.0,26.6,0.0,-99.9,0.0,26.2,0.4,79.0,1.2,64.1,0.4,79.0,8.2,63.3,0.0,-99.9,0.0,27.7
375,2.6,79.5,0.0,50.7,2.0,79.5,0.0,56.4,0.0,-99.9,0.0,27.3,0.0,-99.9,0.0,26.6,0.0,-99.9,0.0,26.2,0.4,79.1,0.8,64.1,0.4,78.5,12.2,63.7,0.0,-99.9,0.0,27.7
376,2.7,79.5,0.0,51.3,2.0,79.5,0.0,56.3,0.0,-99.9,0.0,27.3,0.0,-99.9,0.0,26.6,0.0,-99.9,0.0,26.2,0.4,79.1,0.4,64.2,0.4,78.8,10.2,64.2,0.0,-99.9,0.0,27.7
377,2.6,79.5,0.0,50.6,1.9,79.7,0.0,56.2,0.0,-99.9,0.0,27.3,0.0,-99.9,0.0,26.6,0.0,-99.9,0.0,26.2,0.4,79.3,0.4,64.2,0.4,79.0,8.2,64.5,0.0,-99.9,0.0,27.7
378,2.6,79.5,0.0,51.3,1.9,79.5,0.0,56.2,0.0,-99.9,0.0,27.3,0.0,-99.9,0.0,26.6,0.0,-99.9,0.0,26.2,0.4,79.3,0.0,64.2,0.5,79.3,8.2,64.5,0.0,-99.9,0.0,27.7
379,2.7,79.5,0.0,50.8,2.0,79.6,0.0,56.4,0.0,-99.9,0.0,27.3,0.0,-99.9,0.0,26.6,0.0,-99.9,0.0,26.2,0.4,79.5,0.0,64.2,0.5,79.0,7.8,63.6,0.0,-99.9,0.0,27.7
380,2.7,79.7,0.0,51.3,2.0,79.8,0.0,56.5,0.0,-99.9,0.0,27.3,0.0,-99.9,0.0,26.6,0.0,-99.9,0.0,26.2,0.4,79.3,0.0,64.2,0.4,78.8,9.8,63.4,0.0,-99.9,0.0,27.7
381,2.7,79.5,0.0,50.7,2.0,79.8,0.0,56.4,0.0,-99.9,0.0,27.3,0.0,-99.9,0.0,26.6,0.0,-99.9,0.0,26.2,0.4,79.2,0.0,64.2,0.4,78.8,9.8,63.9,0.0,-99.9,0.0,27.7
382,2.6,79.4,0.0,51.2,2.0,79.5,0.0,56.3,0.0,-99.9,0.0,27.3,0.0,-99.9,0.0,26.6,0.0,-99.9,0.0,26.2,0.4,79.5,0.0,64.2,0.4,78.8,9.8,64.2,0.0,-99.9,0.0,27.7
383,2.6,79.5,0.0,50.6,1.9,79.5,0.0,56.3,0.0,-99.9,0.0,27.3,0.0,-99.9,0.0,26.6,0.0,-99.9,0.0,26.2,0.4,79.0,0.0,64.2,0.5,79.1,7.8,64.5,0.0,-99.9,0.0,27.7
384,2.6,79.5,0.0,51.3,1.9,79.4,0.0,56.3,0.0,-99.9,0.0,27.3,0.0,-99.9,0.0,26.6,0.0,-99.9,0.0,26.2,0.4,79.1,0.0,64.1,0.5,79.0,7.8,64.1,0.0,-99.9,0.0,27.7
385,2.7,79.8,0.0,50.8,2.0,79.8,0.0,56.4,0.0,-99.9,0.0,27.3,0.0,-99.9,0.0,26.6,0.0,-99.9,0.0,26.2,0.4,79.3,0.0,64.1,0.4,78.9,7.8,63.4,0.0,-99.9,0.0,27.7
386,2.6,79.5,0.0,51.2,2.0,79.6,0.0,56.4,0.0,-99.9,0.0,27.3,0.0,-99.9,0.0,26.6,0.0,-99.9,0.0,26.2,0.4,79.0,0.0,64.1,0.4,78.8,9.4,63.9,0.0,-99.9,0.0,27.7
387,2.6,79.5,0.0,50.7,2.0,79.5,0.0,56.3,0.0,-99.9,0.0,27.3,0.0,-99.9,0.0,26.6,0.0,-99.9,0.0,26.2,0.4,79.0,0.0,64.1,0.4,78.8,9.4,64.2,0.0,-99.9,0.0,27.7
388,2.6,79.5,0.0,51.2,1.9,79.5,0.0,56.2,0.0,-99.9,0.0,27.3,0.0,-99.9,0.0,26.6,0.0,-99.9,0.0,26.2,0.4,79.2,0.0,64.1,0.5,79.0,7.5,64.5,0.0,-99.9,0.0,27.7
389,2.6,79.8,0.0,50.8,1.9,79.5,0.0,56.3,0.0,-99.9,0.0,27.3,0.0,-99.9,0.0,26.6,0.0,-99.9,0.0,26.2,0.4,79.0,0.0,64.1,0.5,79.2,7.5,63.8,0.0,-99.9,0.0,27.7
390,2.6,79.7,0.0,51.4,1.9,79.6,0.0,56.4,0.0,-99.9,0.0,27.3,0.0,-99.9,0.0,26.6,0.0,-99.9,0.0,26.3,0.4,79.2,0.0,64.1,0.4,78.8,9.4,63.4,0.0,-99.9,0.0,27.7
391,2.6,79.8,0.0,50.8,2.0,79.8,0.0,56.5,0.0,-99.9,0.0,27.3,0.0,-99.9,0.0,26.6,0.0,-99.9,0.0,26.3,0.4,79.2,0.0,64.0,0.4,78.4,12.2,63.9,0.0,-99.9,0.0,27.7
392,2.6,79.7,0.0,51.4,2.0,79.5,0.0,56.4,0.0,-99.9,0.0,27.3,0.0,-99.9,0.0,26.6,0.0,-99.9,0.0,26.3,0.4,79.0,0.0,64.0,0.4,78.5,11.4,64.2,0.0,-99.9,0.0,27.7
393,2.6,79.8,0.0,50.8,1.9,79.5,0.0,56.3,0.0,-99.9,0.0,27.3,0.0,-99.9,0.0,26.6,0.0,-99.9,0.0,26.3,0.4,79.0,0.0,64.0,0.5,79.2,7.5,64.5,0.0,-99.9,0.0,27.7
394,2.6,79.8,0.0,51.4,1.9,79.5,0.0,56.2,0.0,-99.9,0.0,27.3,0.0,-99.9,0.0,26.6,0.0,-99.9,0.0,26.2,0.4,79.0,0.0,64.0,0.5,79.0,7.5,64.0,0.0,-99.9,0.0,27.7
395,2.6,79.8,0.0,51.0,2.0,79.8,0.0,56.4,0.0,-99.9,0.0,27.3,0.0,-99.9,0.0,26.6,0.0,-99.9,0.0,26.2,0.4,78.8,1.2,64.0,0.4,78.6,10.2,63.3,0.0,-99.9,0.0,27.7
396,2.6,79.8,0.0,51.5,1.9,79.7,0.0,56.4,0.0,-99.9,0.0,27.3,0.0,-99.9,0.0,26.6,0.0,-99.9,0.0,26.3,0.4,79.0,0.0,64.0,0.4,78.7,9.8,63.8,0.0,-99.9,0.0,27.7
397,2.6,80.0,0.0,50.9,1.9,79.6,0.0,56.4,0.0,-99.9,0.0,27.3,0.0,-99.9,0.0,26.6,0.0,-99.9,0.0,26.3,0.4,79.0,0.0,64.0,0.4,78.9,7.8,64.2,0.0,-99.9,0.0,27.7
398,2.6,79.8,0.0,51.4,2.0,79.8,0.0,56.4,0.0,-99.9,0.0,27.3,0.0,-99.9,0.0,26.6,0.0,-99.9,0.0,26.3,0.4,79.0,0.0,64.0,0.4,79.2,7.5,64.4,0.0,-99.9,0.0,27.7
399,2.6,80.0,0.0,51.0,1.9,79.6,0.0,56.4,0.0,-99.9,0.0,27.3,0.0,-99.9,0.0,26.6,0.0,-99.9,0.0,26.3,0.4,79.0,0.0,64.0,0.5,79.3,7.1,64.2,0.0,-99.9,0.0,27.7
400,2.6,79.9,0.0,51.5,2.0,79.8,0.0,56.4,0.0,-99.9,0.0,27.3,0.0,-99.9,0.0,26.6,0.0,-99.9,0.0,26.3,0.4,78.8,1.6,63.9,0.4,79.0,7.1,63.6,0.0,-99.9,0.0,27.7
401,2.7,79.8,0.0,50.9,2.0,79.7,0.0,56.5,0.0,-99.9,0.0,27.3,0.0,-99.9,0.0,26.6,0.0,-99.9,0.0,26.3,0.4,78.8,1.6,64.0,0.4,78.8,9.0,64.1,0.0,-99.9,0.0,27.7
402,2.6,80.0,0.0,51.3,2.0,79.5,0.0,56.3,0.0,-99.9,0.0,27.3,0.0,-99.9,0.0,26.6,0.0,-99.9,0.0,26.3,0.4,78.8,1.6,63.9,0.4,79.1,7.1,64.3,0.0,-99.9,0.0,27.7
403,2.6,79.8,0.0,50.9,1.9,79.8,0.0,56.3,0.0,-99.9,0.0,27.3,0.0,-99.9,0.0,26.6,0.0,-99.9,0.0,26.3,0.4,79.1,0.0,64.0,0.5,79.1,7.1,64.5,0.0,-99.9,0.0,27.7
404,2.6,79.8,0.0,51.5,2.0,79.8,0.0,56.4,0.0,-99.9,0.0,27.3,0.0,-99.9,0.0,26.6,0.0,-99.9,0.0,26.3,0.4,78.8,1.2,63.9,0.4,78.9,7.8,63.5,0.0,-99.9,0.0,27.7
405,2.7,80.1,0.0,50.9,1.9,79.6,0.0,56.5,0.0,-99.9,0.0,27.3,0.0,-99.9,0.0,26.6,0.0,-99.9,0.0,26.3,0.4,79.0,0.0,64.0,0.4,78.8,8.6,63.8,0.0,-99.9,0.0,27.7
406,2.6,79.8,0.0,51.3,1.9,79.5,0.0,56.4,0.0,-99.9,0.0,27.3,0.0,-99.9,0.0,26.6,0.0,-99.9,0.0,26.3,0.4,78.8,1.6,64.0,0.4,78.6,10.6,64.2,0.0,-99.9,0.0,27.7
407,2.6,79.8,0.0,50.9,1.9,79.9,0.0,56.4,0.0,-99.9,0.0,27.3,0.0,-99.9,0.0,26.6,0.0,-99.9,0.0,26.3,0.4,79.0,0.0,64.0,0.4,78.9,7.5,64.4,0.0,-99.9,0.0,27.7
408,2.6,79.6,0.0,51.3,2.0,79.8,0.0,56.4,0.0,-99.9,0.0,27.3,0.0,-99.9,0.0,26.6,0.0,-99.9,0.0,26.3,0.4,79.0,0.0,64.0,0.5,79.3,6.7,64.6,0.0,-99.9,0.0,27.8
409,2.6,79.8,0.0,51.0,2.0,79.9,0.0,56.5,0.0,-99.9,0.0,27.3,0.0,-99.9,0.0,26.6,0.0,-99.9,0.0,26.3,0.4,78.8,1.6,63.9,0.5,79.3,6.3,63.8,0.0,-99.9,0.0,27.8
410,2.7,79.8,0.0,51.4,2.0,79.6,0.0,56.5,0.0,-99.9,0.0,27.3,0.0,-99.9,0.0,26.6,0.0,-99.9,0.0,26.3,0.4,79.0,0.0,64.0,0.4,79.0,6.3,63.8,0.0,-99.9,0.0,27.8
411,2.6,80.0,0.0,50.9,2.0,79.5,0.0,56.4,0.0,-99.9,0.0,27.3,0.0,-99.9,0.0,26.6,0.0,-99.9,0.0,26.3,0.4,78.9,0.4,64.0,0.4,78.8,8.2,64.2,0.0,-99.9,0.0,27.7
412,2.6,79.8,0.0,51.3,1.9,79.5,0.0,56.3,0.0,-99.9,0.0,27.3,0.0,-99.9,0.0,26.6,0.0,-99.9,0.0,26.3,0.4,79.2,0.0,63.9,0.4,79.0,6.3,64.4,0.0,-99.9,0.0,27.7
413,2.6,79.8,0.0,50.9,1.9,79.8,0.0,56.4,0.0,-99.9,0.0,27.3,0.0,-99.9,0.0,26.6,0.0,-99.9,0.0,26.3,0.4,78.8,1.6,63.9,0.4,79.0,5.9,64.6,0.0,-99.9,0.0,27.7
414,2.6,79.8,0.0,51.4,1.9,79.5,0.0,56.4,0.0,-99.9,0.0,27.3,0.0,-99.9,0.0,26.6,0.0,-99.9,0.0,26.3,0.4,78.9,0.4,63.9,0.4,79.2,5.9,64.0,0.0,-99.9,0.0,27.7
415,2.6,79.8,0.0,50.9,1.9,79.8,0.0,56.5,0.0,-99.9,0.0,27.3,0.0,-99.9,0.0,26.6,0.0,-99.9,0.0,26.3,0.4,79.0,0.0,64.0,0.4,79.0,5.5,64.1,0.0,-99.9,0.0,27.7
416,2.6,79.8,0.0,51.3,1.9,79.6,0.0,56.5,0.0,-99.9,0.0,27.3,0.0,-99.9,0.0,26.6,0.0,-99.9,0.0,26.3,0.4,78.8,1.6,64.0,0.4,79.0,5.5,64.4,0.0,-99.9,0.0,27.7
417,2.6,79.8,0.0,50.9,1.9,79.8,0.0,56.5,0.0,-99.9,0.0,27.3,0.0,-99.9,0.0,26.6,0.0,-99.9,0.0,26.3,0.4,78.8,1.6,63.9,0.4,79.0,5.5,64.5,0.0,-99.9,0.0,27.7
418,2.6,79.8,0.0,51.3,1.9,79.8,0.0,56.5,0.0,-99.9,0.0,27.3,0.0,-99.9,0.0,26.6,0.0,-99.9,0.0,26.3,0.4,79.0,0.0,64.0,0.4,79.3,5.5,64.4,0.0,-99.9,0.0,27.7
419,2.6,79.9,0.0,50.9,1.9,79.6,0.0,56.6,0.0,-99.9,0.0,27.3,0.0,-99.9,0.0,26.6,0.0,-99.9,0.0,26.3,0.4,78.9,0.8,64.0,0.4,79.0,5.1,64.4,0.0,-99.9,0.0,27.8
420,2.6,79.7,0.0,51.3,2.0,79.8,0.0,56.5,0.0,-99.9,0.0,27.3,0.0,-99.9,0.0,26.6,0.0,-99.9,0.0,26.3,0.4,79.0,0.0,63.9,0.4,79.0,4.7,64.6,0.0,-99.9,0.0,27.7
421,2.6,79.7,0.0,50.9,2.0,79.8,0.0,56.5,0.0,-99.9,0.0,27.3,0.0,-99.9,0.0,26.6,0.0,-99.9,0.0,26.3,0.4,79.0,0.0,63.9,0.4,79.2,4.3,64.7,0.0,-99.9,0.0,27.8
422,2.6,79.5,0.0,51.3,1.9,79.7,0.0,56.4,0.0,-99.9,0.0,27.3,0.0,-99.9,0.0,26.6,0.0,-99.9,0.0,26.3,0.4,79.0,0.0,63.9,0.5,79.5,3.9,64.5,0.0,-99.9,0.0,27.8
423,2.6,79.8,0.0,51.0,1.9,79.8,0.0,56.5,0.0,-99.9,0.0,27.3,0.0,-99.9,0.0,26.6,0.0,-99.9,0.0,26.3,0.4,78.8,1.2,63.9,0.4,78.8,5.5,64.0,0.0,-99.9,0.0,27.7
424,2.6,79.5,0.0,51.3,1.9,79.8,0.0,56.5,0.0,-99.9,0.0,27.3,0.0,-99.9,0.0,26.6,0.0,-99.9,0.0,26.3,0.4,78.8,1.6,63.9,0.4,79.0,3.5,64.3,0.0,-99.9,0.0,27.8
425,2.6,79.9,0.0,50.9,1.9,79.9,0.0,56.5,0.0,-99.9,0.0,27.3,0.0,-99.9,0.0,26.6,0.0,-99.9,0.0,26.3,0.4,78.8,1.6,63.9,0.4,79.0,3.5,64.4,0.0,-99.9,0.0,27.8
426,2.6,79.8,0.0,51.3,1.9,79.6,0.0,56.5,0.0,-99.9,0.0,27.3,0.0,-99.9,0.0,26.6,0.0,-99.9,0.0,26.3,0.4,79.0,0.0,63.9,0.4,79.0,3.1,64.5,0.0,-99.9,0.0,27.7
427,2.6,80.0,0.0,50.9,1.9,79.8,0.0,56.5,0.0,-99.9,0.0,27.3,0.0,-99.9,0.0,26.6,0.0,-99.9,0.0,26.3,0.4,79.1,0.0,63.9,0.4,79.1,3.1,64.5,0.0,-99.9,0.0,27.7
428,2.6,79.5,0.0,51.2,1.9,79.5,0.0,56.5,0.0,-99.9,0.0,27.3,0.0,-99.9,0.0,26.6,0.0,-99.9,0.0,26.3,0.4,78.8,1.6,63.9,0.4,79.2,3.1,64.6,0.0,-99.9,0.0,27.7
429,2.6,79.8,0.0,50.8,1.9,79.6,0.0,56.5,0.0,-99.9,0.0,27.3,0.0,-99.9,0.0,26.6,0.0,-99.9,0.0,26.3,0.4,79.0,0.0,63.9,0.4,79.3,2.7,64.6,0.0,-99.9,0.0,27.7
430,2.6,79.8,0.0,51.2,1.9,79.8,0.0,56.5,0.0,-99.9,0.0,27.3,0.0,-99.9,0.0,26.6,0.0,-99.9,0.0,26.3,0.4,78.9,0.8,63.9,0.4,79.3,2.4,64.6,0.0,-99.9,0.0,27.7
431,2.5,79.8,0.0,50.9,1.9,79.8,0.0,56.5,0.0,-99.9,0.0,27.3,0.0,-99.9,0.0,26.6,0.0,-99.9,0.0,26.3,0.4,79.0,0.0,63.9,0.4,79.5,2.0,64.6,0.0,-99.9,0.0,27.7
432,2.6,79.8,0.0,51.3,1.9,79.8,0.0,56.5,0.0,-99.9,0.0,27.3,0.0,-99.9,0.0,26.6,0.0,-99.9,0.0,26.3,0.4,79.0,0.0,63.9,0.4,79.1,1.2,64.7,0.0,-99.9,0.0,27.7
433,2.6,79.9,0.0,51.0,1.9,79.8,0.0,56.5,0.0,-99.9,0.0,27.3,0.0,-99.9,0.0,26.6,0.0,-99.9,0.0,26.3,0.4,78.8,1.2,63.9,0.4,79.5,0.8,64.6,0.0,-99.9,0.0,27.7
434,2.6,79.8,0.0,51.2,1.9,79.6,0.0,56.5,0.0,-99.9,0.0,27.3,0.0,-99.9,0.0,26.6,0.0,-99.9,0.0,26.3,0.4,79.0,0.0,63.9,0.4,79.3,0.4,64.6,0.0,-99.9,0.0,27.7
435,2.6,79.8,0.0,50.9,1.9,79.8,0.0,56.5,0.0,-99.9,0.0,27.3,0.0,-99.9,0.0,26.6,0.0,-99.9,0.0,26.3,0.4,79.0,0.0,63.9,0.4,79.3,0.0,64.6,0.0,-99.9,0.0,27.7
436,2.6,79.8,0.0,51.2,1.9,79.7,0.0,56.5,0.0,-99.9,0.0,27.3,0.0,-99.9,0.0,26.6,0.0,-99.9,0.0,26.3,0.4,78.8,1.6,63.9,0.4,79.3,0.0,64.5,0.0,-99.9,0.0,27.7
437,2.5,79.9,0.0,50.9,1.9,79.8,0.0,56.5,0.0,-99.9,0.0,27.3,0.0,-99.9,0.0,26.6,0.0,-99.9,0.0,26.3,0.4,78.8,1.6,63.9,0.4,79.0,0.0,64.5,0.0,-99.9,0.0,27.7
438,2.6,79.8,0.0,51.3,1.9,79.5,0.0,56.5,0.0,-99.9,0.0,27.3,0.0,-99.9,0.0,26.6,0.0,-99.9,0.0,26.3,0.4,79.0,0.0,63.9,0.4,79.1,0.0,64.4,0.0,-99.9,0.0,27.7
439,2.6,79.8,0.0,51.0,1.9,79.9,0.0,56.5,0.0,-99.9,0.0,27.3,0.0,-99.9,0.0,26.6,0.0,-99.9,0.0,26.3,0.4,78.8,1.2,64.0,0.4,78.8,1.2,64.4,0.0,-99.9,0.0,27.7
440,2.6,79.8,0.0,51.2,1.9,79.7,0.0,56.5,0.0,-99.9,0.0,27.3,0.0,-99.9,0.0,26.6,0.0,-99.9,0.0,26.3,0.4,78.8,1.6,63.9,0.4,79.0,0.0,64.3,0.0,-99.9,0.0,27.7
441,2.6,79.8,0.0,51.0,1.9,79.8,0.0,56.5,0.0,-99.9,0.0,27.3,0.0,-99.9,0.0,26.6,0.0,-99.9,0.0,26.3,0.4,79.0,0.0,63.9,0.4,78.8,2.0,64.2,0.0,-99.9,0.0,27.7
442,2.6,79.5,0.0,51.2,1.9,79.7,0.0,56.5,0.0,-99.9,0.0,27.3,0.0,-99.9,0.0,26.6,0.0,-99.9,0.0,26.3,0.4,79.0,0.0,63.9,0.4,78.8,1.2,64.2,0.0,-99.9,0.0,27.7
443,2.6,79.8,0.0,50.9,1.9,79.8,0.0,56.5,0.0,-99.9,0.0,27.3,0.0,-99.9,0.0,26.6,0.0,-99.9,0.0,26.3,0.4,78.9,0.4,63.9,0.4,79.0,0.0,64.2,0.0,-99.9,0.0,27.7
444,2.6,79.8,0.0,51.2,1.9,79.8,0.0,56.5,0.0,-99.9,0.0,27.3,0.0,-99.9,0.0,26.6,0.0,-99.9,0.0,26.3,0.4,78.6,3.5,63.9,0.4,78.8,2.0,64.2,0.0,-99.9,0.0,27.7
445,2.6,79.8,0.0,50.9,1.9,79.7,0.0,56.5,0.0,-99.9,0.0,27.3,0.0,-99.9,0.0,26.6,0.0,-99.9,0.0,26.3,0.4,78.8,1.6,63.9,0.4,78.8,2.0,64.2,0.0,-99.9,0.0,27.7
446,2.6,79.5,0.0,51.2,1.9,79.8,0.0,56.5,0.0,-99.9,0.0,27.3,0.0,-99.9,0.0,26.6,0.0,-99.9,0.0,26.3,0.4,79.0,0.0,63.9,0.4,78.8,2.0,64.2,0.0,-99.9,0.0,27.7
447,2.5,79.8,0.0,51.0,1.9,79.8,0.0,56.5,0.0,-99.9,0.0,27.3,0.0,-99.9,0.0,26.6,0.0,-99.9,0.0,26.3,0.4,78.9,0.4,63.9,0.4,78.8,2.0,64.2,0.0,-99.9,0.0,27.7
448,2.6,79.5,0.0,51.2,1.9,79.8,0.0,56.5,0.0,-99.9,0.0,27.3,0.0,-99.9,0.0,26.6,0.0,-99.9,0.0,26.3,0.4,79.3,0.0,63.9,0.4,78.8,2.0,64.2,0.0,-99.9,0.0,27.7
449,2.6,79.9,0.0,51.0,1.9,79.8,0.0,56.5,0.0,-99.9,0.0,27.3,0.0,-99.9,0.0,26.6,0.0,-99.9,0.0,26.3,0.4,78.8,1.6,63.9,0.4,78.8,2.0,64.2,0.0,-99.9,0.0,27.7
450,2.6,79.8,0.0,51.2,1.9,79.6,0.0,56.5,0.0,-99.9,0.0,27.3,0.0,-99.9,0.0,26.6,0.0,-99.9,0.0,26.3,0.4,78.8,1.6,63.9,0.4,78.8,2.4,64.2,0.0,-99.9,0.0,27.7
451,2.6,79.8,0.0,50.9,1.9,79.8,0.0,56.5,0.0,-99.9,0.0,27.3,0.0,-99.9,0.0,26.6,0.0,-99.9,0.0,26.3,0.4,78.9,0.4,63.9,0.4,78.8,2.4,64.2,0.0,-99.9,0.0,27.7
452,2.6,79.7,0.0,51.2,1.9,79.6,0.0,56.5,0.0,-99.9,0.0,27.3,0.0,-99.9,0.0,26.6,0.0,-99.9,0.0,26.3,0.4,79.0,0.0,63.9,0.4,78.6,3.1,64.2,0.0,-99.9,0.0,27.7
453,2.5,79.8,0.0,51.0,1.9,79.5,0.0,56.5,0.0,-99.9,0.0,27.3,0.0,-99.9,0.0,26.6,0.0,-99.9,0.0,26.3,0.4,78.8,1.6,63.9,0.4,78.8,2.4,64.2,0.0,-99.9,0.0,27.7
454,2.6,79.6,0.0,51.2,1.9,79.7,0.0,56.5,0.0,-99.9,0.0,27.3,0.0,-99.9,0.0,26.6,0.0,-99.9,0.0,26.3,0.4,78.9,0.4,63.9,0.4,78.8,2.4,64.2,0.0,-99.9,0.0,27.7
455,2.6,79.8,0.0,51.0,1.9,79.8,0.0,56.5,0.0,-99.9,0.0,27.3,0.0,-99.9,0.0,26.6,0.0,-99.9,0.0,26.3,0.4,79.0,0.0,63.9,0.4,78.8,2.4,64.2,0.0,-99.9,0.0,27.7
456,2.6,79.8,0.0,51.1,1.9,79.8,0.0,56.5,0.0,-99.9,0.0,27.3,0.0,-99.9,0.0,26.6,0.0,-99.9,0.0,26.3,0.4,79.0,0.0,63.9,0.4,79.0,0.4,64.2,0.0,-99.9,0.0,27.7
457,2.5,79.8,0.0,51.0,1.9,79.8,0.0,56.5,0.0,-99.9,0.0,27.3,0.0,-99.9,0.0,26.6,0.0,-99.9,0.0,26.3,0.4,79.0,0.0,63.9,0.4,78.8,2.4,64.2,0.0,-99.9,0.0,27.7
458,2.6,79.6,0.0,51.2,1.9,79.8,0.0,56.5,0.0,-99.9,0.0,27.3,0.0,-99.9,0.0,26.6,0.0,-99.9,0.0,26.3,0.4,78.6,2.7,63.9,0.4,79.0,0.4,64.2,0.0,-99.9,0.0,27.7
459,2.6,80.0,0.0,51.1,1.9,79.7,0.0,56.5,0.0,-99.9,0.0,27.3,0.0,-99.9,0.0,26.6,0.0,-99.9,0.0,26.3,0.4,78.8,1.6,63.9,0.4,78.8,2.4,64.2,0.0,-99.9,0.0,27.7
460,2.6,79.8,0.0,51.2,1.8,79.7,0.0,56.5,0.0,-99.9,0.0,27.3,0.0,-99.9,0.0,26.6,0.0,-99.9,0.0,26.3,0.4,79.3,0.0,63.9,0.4,78.8,2.7,64.2,0.0,-99.9,0.0,27.7
461,2.6,80.0,0.0,51.1,1.8,79.8,0.0,56.6,0.0,-99.9,0.0,27.3,0.0,-99.9,0.0,26.6,0.0,-99.9,0.0,26.3,0.4,78.8,1.2,63.9,0.4,78.8,2.7,64.2,0.0,-99.9,0.0,27.7
462,2.6,79.8,0.0,51.2,1.9,79.8,0.0,56.6,0.0,-99.9,0.0,27.3,0.0,-99.9,0.0,26.6,0.0,-99.9,0.0,26.3,0.4,78.8,1.2,63.9,0.4,78.8,2.7,64.2,0.0,-99.9,0.0,27.7
463,2.6,79.8,0.0,51.0,1.9,79.8,0.0,56.6,0.0,-99.9,0.0,27.3,0.0,-99.9,0.0,26.6,0.0,-99.9,0.0,26.3,0.4,78.8,2.0,63.9,0.4,78.9,1.6,64.2,0.0,-99.9,0.0,27.7
464,2.6,79.6,0.0,51.2,1.9,79.8,0.0,56.6,0.0,-99.9,0.0,27.3,0.0,-99.9,0.0,26.6,0.0,-99.9,0.0,26.3,0.4,79.0,0.0,63.9,0.4,78.9,1.6,64.2,0.0,-99.9,0.0,27.7
465,2.6,79.8,0.0,51.1,1.9,79.8,0.0,56.6,0.0,-99.9,0.0,27.3,0.0,-99.9,0.0,26.6,0.0,-99.9,0.0,26.3,0.4,79.0,0.0,63.9,0.4,79.0,0.8,64.2,0.0,-99.9,0.0,27.7
466,2.5,79.8,0.0,51.2,1.9,79.6,0.0,56.5,0.0,-99.9,0.0,27.3,0.0,-99.9,0.0,26.6,0.0,-99.9,0.0,26.3,0.4,79.1,0.0,63.9,0.4,78.9,1.2,64.2,0.0,-99.9,0.0,27.7
467,2.6,80.0,0.0,51.1,1.8,79.9,0.0,56.5,0.0,-99.9,0.0,27.3,0.0,-99.9,0.0,26.6,0.0,-99.9,0.0,26.3,0.4,79.0,0.0,63.9,0.4,78.8,2.7,64.2,0.0,-99.9,0.0,27.7
468,2.6,79.8,0.0,51.2,1.9,79.5,0.0,56.6,0.0,-99.9,0.0,27.3,0.0,-99.9,0.0,26.6,0.0,-99.9,0.0,26.3,0.4,79.0,0.0,63.9,0.4,78.8,2.7,64.2,0.0,-99.9,0.0,27.7
469,2.5,79.8,0.0,51.1,1.9,79.9,0.0,56.6,0.0,-99.9,0.0,27.3,0.0,-99.9,0.0,26.6,0.0,-99.9,0.0,26.3,0.4,79.0,0.0,63.9,0.4,78.8,2.7,64.2,0.0,-99.9,0.0,27.7
470,2.5,79.5,0.0,51.2,1.9,79.7,0.0,56.6,0.0,-99.9,0.0,27.3,0.0,-99.9,0.0,26.6,0.0,-99.9,0.0,26.3,0.4,78.9,0.4,63.9,0.4,78.8,2.7,64.2,0.0,-99.9,0.0,27.7
471,2.5,79.8,0.0,51.3,1.9,79.8,0.0,56.6,0.0,-99.9,0.0,27.3,0.0,-99.9,0.0,26.6,0.0,-99.9,0.0,26.3,0.4,79.0,0.0,63.9,0.4,78.8,3.1,64.3,0.0,-99.9,0.0,27.7
472,2.6,79.8,0.0,51.3,1.9,79.7,0.0,56.6,0.0,-99.9,0.0,27.3,0.0,-99.9,0.0,26.6,0.0,-99.9,0.0,26.3,0.4,78.9,0.4,63.9,0.4,79.0,1.2,64.3,0.0,-99.9,0.0,27.7
473,2.6,80.0,0.0,51.2,1.9,79.5,0.0,56.6,0.0,-99.9,0.0,27.3,0.0,-99.9,0.0,26.6,0.0,-99.9,0.0,26.3,0.4,79.1,0.0,63.9,0.4,79.0,1.2,64.3,0.0,-99.9,0.0,27.6
474,2.6,79.8,0.0,51.2,1.9,79.7,0.0,56.6,0.0,-99.9,0.0,27.3,0.0,-99.9,0.0,26.6,0.0,-99.9,0.0,26.3,0.4,78.8,1.2,63.9,0.4,79.0,1.2,64.3,0.0,-99.9,0.0,27.7
475,2.6,79.8,0.0,51.2,1.8,79.8,0.0,56.6,0.0,-99.9,0.0,27.3,0.0,-99.9,0.0,26.6,0.0,-99.9,0.0,26.3,0.4,79.0,0.0,63.9,0.4,78.8,3.1,64.3,0.0,-99.9,0.0,27.7
476,2.5,79.8,0.0,51.1,1.8,79.8,0.0,56.6,0.0,-99.9,0.0,27.3,0.0,-99.9,0.0,26.6,0.0,-99.9,0.0,26.3,0.4,78.8,2.0,63.9,0.4,78.8,3.1,64.3,0.0,-99.9,0.0,27.7
477,2.5,80.0,0.0,51.2,1.9,80.0,0.0,56.7,0.0,-99.9,0.0,27.3,0.0,-99.9,0.0,26.6,0.0,-99.9,0.0,26.3,0.4,79.0,0.0,63.9,0.4,79.1,1.2,64.3,0.0,-99.9,0.0,27.7
478,2.6,79.8,0.0,51.2,1.9,79.8,0.0,56.7,0.0,-99.9,0.0,27.3,0.0,-99.9,0.0,26.6,0.0,-99.9,0.0,26.3,0.4,79.0,0.0,63.9,0.4,79.0,1.2,64.3,0.0,-99.9,0.0,27.6
479,2.6,79.8,0.0,51.2,1.9,80.0,0.0,56.7,0.0,-99.9,0.0,27.3,0.0,-99.9,0.0,26.6,0.0,-99.9,0.0,26.3,0.4,79.0,0.0,63.9,0.4,79.0,1.6,64.3,0.0,-99.9,0.0,27.6
480,2.5,79.7,0.0,51.2,1.9,79.8,0.0,56.7,0.0,-99.9,0.0,27.3,0.0,-99.9,0.0,26.6,0.0,-99.9,0.0,26.3,0.4,79.1,0.0,63.9,0.4,78.5,5.1,64.3,0.0,-99.9,0.0,27.7
481,2.6,79.8,0.0,51.3,1.9,80.0,0.0,56.6,0.0,-99.9,0.0,27.3,0.0,-99.9,0.0,26.6,0.0,-99.9,0.0,26.3,0.4,78.9,0.8,63.9,0.4,78.8,3.1,64.3,0.0,-99.9,0.0,27.6
482,2.6,79.5,0.0,51.2,1.9,79.9,0.0,56.6,0.0,-99.9,0.0,27.3,0.0,-99.9,0.0,26.6,0.0,-99.9,0.0,26.3,0.4,79.0,0.0,63.9,0.4,79.0,1.2,64.3,0.0,-99.9,0.0,27.6
483,2.6,80.0,0.0,51.3,1.9,79.8,0.0,56.6,0.0,-99.9,0.0,27.3,0.0,-99.9,0.0,26.6,0.0,-99.9,0.0,26.3,0.4,79.0,0.0,63.9,0.4,78.9,1.6,64.3,0.0,-99.9,0.0,27.6
484,2.5,79.8,0.0,51.2,1.9,79.8,0.0,56.6,0.0,-99.9,0.0,27.3,0.0,-99.9,0.0,26.6,0.0,-99.9,0.0,26.3,0.4,79.0,0.0,63.9,0.4,79.0,1.2,64.3,0.0,-99.9,0.0,27.6
485,2.6,79.8,0.0,51.3,1.9,79.8,0.0,56.6,0.0,-99.9,0.0,27.3,0.0,-99.9,0.0,26.6,0.0,-99.9,0.0,26.3,0.4,78.8,1.2,63.9,0.4,79.0,1.2,64.3,0.0,-99.9,0.0,27.6
486,2.6,79.8,0.0,51.2,1.9,79.7,0.0,56.6,0.0,-99.9,0.0,27.3,0.0,-99.9,0.0,26.6,0.0,-99.9,0.0,26.3,0.4,79.0,0.0,63.9,0.4,79.0,1.2,64.3,0.0,-99.9,0.0,27.6
487,2.6,79.8,0.0,51.4,1.9,79.8,0.0,56.6,0.0,-99.9,0.0,27.3,0.0,-99.9,0.0,26.6,0.0,-99.9,0.0,26.3,0.4,79.2,0.0,63.9,0.4,78.9,2.0,64.3,0.0,-99.9,0.0,27.6
488,2.6,79.8,0.0,51.1,1.8,79.8,0.0,56.6,0.0,-99.9,0.0,27.3,0.0,-99.9,0.0,26.6,0.0,-99.9,0.0,26.3,0.4,78.9,0.4,63.9,0.4,78.9,2.0,64.3,0.0,-99.9,0.0,27.6
489,2.5,79.8,0.0,51.3,1.9,79.9,0.0,56.7,0.0,-99.9,0.0,27.3,0.0,-99.9,0.0,26.6,0.0,-99.9,0.0,26.3,0.4,79.0,0.0,63.9,0.4,78.8,3.1,64.3,0.0,-99.9,0.0,27.6
490,2.5,79.8,0.0,51.2,1.9,79.8,0.0,56.7,0.0,-99.9,0.0,27.3,0.0,-99.9,0.0,26.6,0.0,-99.9,0.0,26.3,0.4,79.0,0.0,63.9,0.4,79.1,1.2,64.3,0.0,-99.9,0.0,27.6
491,2.6,80.0,0.0,51.4,1.9,79.8,0.0,56.7,0.0,-99.9,0.0,27.3,0.0,-99.9,0.0,26.6,0.0,-99.9,0.0,26.3,0.4,79.0,0.0,63.9,0.4,78.8,3.1,64.3,0.0,-99.9,0.0,27.6
492,2.6,79.7,0.0,51.1,1.9,79.8,0.0,56.6,0.0,-99.9,0.0,27.3,0.0,-99.9,0.0,26.6,0.0,-99.9,0.0,26.3,0.4,78.8,1.6,63.9,0.4,78.8,3.1,64.3,0.0,-99.9,0.0,27.6
493,2.6,79.8,0.0,51.3,1.9,79.8,0.0,56.6,0.0,-99.9,0.0,27.3,0.0,-99.9,0.0,26.6,0.0,-99.9,0.0,26.3,0.4,78.8,1.2,63.8,0.4,79.0,1.2,64.3,0.0,-99.9,0.0,27.6
494,2.5,79.8,0.0,51.1,1.9,79.7,0.0,56.6,0.0,-99.9,0.0,27.3,0.0,-99.9,0.0,26.6,0.0,-99.9,0.0,26.3,0.4,79.0,0.0,63.8,0.4,79.0,1.6,64.3,0.0,-99.9,0.0,27.6
495,2.5,79.8,0.0,51.4,1.9,79.8,0.0,56.6,0.0,-99.9,0.0,27.3,0.0,-99.9,0.0,26.6,0.0,-99.9,0.0,26.3,0.4,78.9,0.4,63.9,0.4,78.8,3.1,64.3,0.0,-99.9,0.0,27.6
496,2.5,79.8,0.0,51.2,1.9,79.8,0.0,56.7,0.0,-99.9,0.0,27.3,0.0,-99.9,0.0,26.6,0.0,-99.9,0.0,26.3,0.4,78.9,0.8,63.9,0.4,78.8,3.1,64.3,0.0,-99.9,0.0,27.6
497,2.6,80.0,0.0,51.5,1.9,79.8,0.0,56.6,0.0,-99.9,0.0,27.3,0.0,-99.9,0.0,26.6,0.0,-99.9,0.0,26.3,0.4,79.0,0.0,63.8,0.4,78.8,2.7,64.3,0.0,-99.9,0.0,27.6
498,2.5,79.8,0.0,51.1,1.8,79.8,0.0,56.6,0.0,-99.9,0.0,27.3,0.0,-99.9,0.0,26.6,0.0,-99.9,0.0,26.3,0.4,79.0,0.0,63.9,0.4,78.9,2.4,64.3,0.0,-99.9,0.0,27.6
499,2.5,80.0,0.0,51.5,1.9,79.9,0.0,56.6,0.0,-99.9,0.0,27.3,0.0,-99.9,0.0,26.6,0.0,-99.9,0.0,26.3,0.4,78.8,2.0,63.9,0.4,78.9,2.4,64.3,0.0,-99.9,0.0,27.6
500,2.5,79.8,0.0,51.2,1.9,79.6,0.0,56.7,0.0,-99.9,0.0,27.3,0.0,-99.9,0.0,26.6,0.0,-99.9,0.0,26.3,0.4,78.9,0.8,63.9,0.4,78.9,2.0,64.3,0.0,-99.9,0.0,27.6
501,2.6,79.8,0.0,51.5,1.9,79.8,0.0,56.6,0.0,-99.9,0.0,27.3,0.0,-99.9,0.0,26.6,0.0,-99.9,0.0,26.3,0.4,78.8,2.0,63.9,0.4,78.9,2.0,64.3,0.0,-99.9,0.0,27.6
502,2.6,79.8,0.0,51.1,1.9,79.9,0.0,56.6,0.0,-99.9,0.0,27.3,0.0,-99.9,0.0,26.6,0.0,-99.9,0.0,26.3,0.4,79.0,0.0,63.9,0.4,79.0,1.6,64.3,0.0,-99.9,0.0,27.6
503,2.5,80.0,0.0,51.5,1.9,79.8,0.0,56.6,0.0,-99.9,0.0,27.3,0.0,-99.9,0.0,26.6,0.0,-99.9,0.0,26.3,0.4,78.8,2.0,63.9,0.4,79.0,1.6,64.3,0.0,-99.9,0.0,27.6
504,2.5,79.8,0.0,51.1,1.9,79.8,0.0,56.6,0.0,-99.9,0.0,27.3,0.0,-99.9,0.0,26.6,0.0,-99.9,0.0,26.3,0.4,79.1,0.0,63.9,0.4,79.0,1.6,64.3,0.0,-99.9,0.0,27.6
505,2.6,80.0,0.0,51.6,1.8,79.8,0.0,56.6,0.0,-99.9,0.0,27.3,0.0,-99.9,0.0,26.6,0.0,-99.9,0.0,26.3,0.4,78.8,1.2,63.9,0.4,79.0,1.6,64.3,0.0,-99.9,0.0,27.6
506,2.6,79.8,0.0,51.1,1.9,80.0,0.0,56.7,0.0,-99.9,0.0,27.3,0.0,-99.9,0.0,26.6,0.0,-99.9,0.0,26.3,0.4,79.0,0.0,63.9,0.4,78.8,3.1,64.3,0.0,-99.9,0.0,27.6
507,2.6,79.8,0.0,51.5,1.9,79.8,0.0,56.7,0.0,-99.9,0.0,27.3,0.0,-99.9,0.0,26.6,0.0,-99.9,0.0,26.3,0.4,79.0,0.0,63.9,0.4,78.8,3.1,64.4,0.0,-99.9,0.0,27.6
508,2.6,79.7,0.0,51.0,1.9,79.8,0.0,56.7,0.0,-99.9,0.0,27.3,0.0,-99.9,0.0,26.6,0.0,-99.9,0.0,26.3,0.4,79.0,0.0,63.9,0.4,78.9,2.0,64.4,0.0,-99.9,0.0,27.6
509,2.5,79.9,0.0,51.6,1.9,79.9,0.0,56.7,0.0,-99.9,0.0,27.3,0.0,-99.9,0.0,26.6,0.0,-99.9,0.0,26.3,0.4,78.8,2.0,63.9,0.4,78.8,3.1,64.4,0.0,-99.9,0.0,27.6
510,2.5,79.8,0.0,51.1,1.9,79.5,0.0,56.6,0.0,-99.9,0.0,27.3,0.0,-99.9,0.0,26.6,0.0,-99.9,0.0,26.3,0.4,79.0,0.0,63.9,0.4,79.0,1.6,64.4,0.0,-99.9,0.0,27.6
511,2.5,79.8,0.0,51.6,1.9,80.0,0.0,56.6,0.0,-99.9,0.0,27.3,0.0,-99.9,0.0,26.6,0.0,-99.9,0.0,26.3,0.4,79.0,0.0,63.9,0.4,78.9,2.4,64.4,0.0,-99.9,0.0,27.6
512,2.5,79.7,0.0,51.2,1.9,79.6,0.0,56.6,0.0,-99.9,0.0,27.3,0.0,-99.9,0.0,26.6,0.0,-99.9,0.0,26.3,0.4,78.8,1.6,63.9,0.4,78.8,2.7,64.4,0.0,-99.9,0.0,27.6
513,2.5,79.9,0.0,51.8,1.9,79.8,0.0,56.5,0.0,-99.9,0.0,27.3,0.0,-99.9,0.0,26.6,0.0,-99.9,0.0,26.3,0.4,79.0,0.0,63.9,0.4,79.0,1.2,64.4,0.0,-99.9,0.0,27.6
514,2.5,80.0,0.0,51.3,1.9,79.9,0.0,56.6,0.0,-99.9,0.0,27.3,0.0,-99.9,0.0,26.6,0.0,-99.9,0.0,26.3,0.4,79.0,0.0,63.9,0.4,78.8,3.1,64.3,0.0,-99.9,0.0,27.6
515,2.5,80.0,0.0,51.8,1.9,79.8,0.0,56.5,0.0,-99.9,0.0,27.3,0.0,-99.9,0.0,26.6,0.0,-99.9,0.0,26.3,0.4,79.0,0.0,63.9,0.4,79.0,1.6,64.3,0.0,-99.9,0.0,27.6
516,2.5,80.0,0.0,51.3,1.9,79.6,0.0,56.5,0.0,-99.9,0.0,27.3,0.0,-99.9,0.0,26.6,0.0,-99.9,0.0,26.3,0.4,78.8,1.6,63.8,0.4,78.8,3.1,64.3,0.0,-99.9,0.0,27.6
517,2.6,80.0,0.0,51.8,1.9,79.7,0.0,56.5,0.0,-99.9,0.0,27.3,0.0,-99.9,0.0,26.6,0.0,-99.9,0.0,26.3,0.4,78.8,1.6,63.8,0.4,78.8,3.1,64.3,0.0,-99.9,0.0,27.6
518,2.5,80.0,0.0,51.2,1.8,79.5,0.0,56.5,0.0,-99.9,0.0,27.3,0.0,-99.9,0.0,26.6,0.0,-99.9,0.0,26.3,0.4,78.8,2.0,63.8,0.4,78.6,5.1,64.3,0.0,-99.9,0.0,27.6
519,2.5,80.0,0.0,51.8,1.9,79.8,0.0,56.5,0.0,-99.9,0.0,27.3,0.0,-99.9,0.0,26.6,0.0,-99.9,0.0,26.3,0.4,78.8,2.0,63.9,0.4,78.8,2.7,64.3,0.0,-99.9,0.0,27.6
520,2.5,79.8,0.0,51.2,1.8,79.5,0.0,56.5,0.0,-99.9,0.0,27.3,0.0,-99.9,0.0,26.6,0.0,-99.9,0.0,26.3,0.4,79.0,0.0,63.9,0.4,78.8,2.7,64.3,0.0,-99.9,0.0,27.5
521,2.6,79.9,0.0,51.8,1.9,79.8,0.0,56.6,0.0,-99.9,0.0,27.3,0.0,-99.9,0.0,26.6,0.0,-99.9,0.0,26.3,0.4,78.8,2.0,63.9,0.4,78.8,2.7,64.3,0.0,-99.9,0.0,27.6
522,2.5,80.0,0.0,51.2,1.9,79.8,0.0,56.6,0.0,-99.9,0.0,27.3,0.0,-99.9,0.0,26.6,0.0,-99.9,0.0,26.3,0.4,79.0,0.0,63.9,0.4,79.0,1.2,64.3,0.0,-99.9,0.0,27.5
523,2.6,80.0,0.0,51.9,1.9,79.8,0.0,56.6,0.0,-99.9,0.0,27.3,0.0,-99.9,0.0,26.6,0.0,-99.9,0.0,26.3,0.4,79.0,0.0,63.9,0.4,78.9,2.0,64.3,0.0,-99.9,0.0,27.5
524,2.6,79.8,0.0,51.2,1.9,79.8,0.0,56.7,0.0,-99.9,0.0,27.3,0.0,-99.9,0.0,26.6,0.0,-99.9,0.0,26.3,0.4,78.8,1.2,63.9,0.4,78.9,2.0,64.3,0.0,-99.9,0.0,27.5
525,2.5,80.0,0.0,51.8,1.9,79.5,0.0,56.6,0.0,-99.9,0.0,27.3,0.0,-99.9,0.0,26.6,0.0,-99.9,0.0,26.3,0.4,79.0,0.0,63.9,0.4,79.0,1.6,64.3,0.0,-99.9,0.0,27.6
526,2.5,79.5,0.0,51.1,1.8,79.7,0.0,56.6,0.0,-99.9,0.0,27.3,0.0,-99.9,0.0,26.6,0.0,-99.9,0.0,26.3,0.4,79.0,0.0,63.9,0.4,79.0,1.2,64.3,0.0,-99.9,0.0,27.5
527,2.5,79.9,0.0,51.8,1.9,80.0,0.0,56.7,0.0,-99.9,0.0,27.3,0.0,-99.9,0.0,26.6,0.0,-99.9,0.0,26.3,0.4,79.0,0.0,63.9,0.4,78.8,3.1,64.3,0.0,-99.9,0.0,27.5
528,2.6,79.8,0.0,51.2,1.9,79.5,0.0,56.7,0.0,-99.9,0.0,27.3,0.0,-99.9,0.0,26.6,0.0,-99.9,0.0,26.3,0.4,78.8,1.2,63.9,0.4,78.8,3.1,64.3,0.0,-99.9,0.0,27.6
529,2.6,79.9,0.0,51.8,1.9,79.8,0.0,56.6,0.0,-99.9,0.0,27.3,0.0,-99.9,0.0,26.6,0.0,-99.9,0.0,26.3,0.4,79.0,0.0,63.9,0.4,79.0,1.6,64.3,0.0,-99.9,0.0,27.5
530,2.5,79.8,0.0,51.2,1.9,79.8,0.0,56.6,0.0,-99.9,0.0,27.3,0.0,-99.9,0.0,26.6,0.0,-99.9,0.0,26.3,0.4,79.0,0.0,63.9,0.4,78.8,3.5,64.3,0.0,-99.9,0.0,27.5
531,2.6,79.9,0.0,51.9,1.9,79.8,0.0,56.6,0.0,-99.9,0.0,27.3,0.0,-99.9,0.0,26.6,0.0,-99.9,0.0,26.3,0.4,78.9,0.8,63.9,0.4,79.0,1.6,64.3,0.0,-99.9,0.0,27.5
532,2.6,79.8,0.0,51.2,1.8,79.6,0.0,56.6,0.0,-99.9,0.0,27.3,0.0,-99.9,0.0,26.6,0.0,-99.9,0.0,26.3,0.4,79.0,0.0,63.9,0.4,78.8,2.7,64.3,0.0,-99.9,0.0,27.5
533,2.6,79.9,0.0,51.8,1.8,79.8,0.0,56.5,0.0,-99.9,0.0,27.3,0.0,-99.9,0.0,26.6,0.0,-99.9,0.0,26.3,0.4,79.0,0.0,63.9,0.4,79.0,1.6,64.4,0.0,-99.9,0.0,27.5
534,0.4,76.7,21.6,51.0,0.4,78.5,4.7,56.7,0.0,-99.9,0.0,27.3,0.0,-99.9,0.0,26.6,0.0,-99.9,0.0,26.3,0.4,77.7,12.5,63.9,0.4,77.7,13.3,64.4,0.0,-99.9,0.0,27.5
535,100.0,73.0,0.0,49.8,100.0,76.8,0.0,55.6,0.0,-99.9,0.0,27.3,0.0,-99.9,0.0,26.6,0.0,-99.9,0.0,26.3,100.0,79.5,0.0,61.7,100.0,79.8,0.0,59.1,0.0,-99.9,0.0,27.5
536,0.0,83.4,0.0,29.9,0.0,78.9,0.0,34.0,0.0,-99.9,0.0,27.2,0.0,-99.9,0.0,26.6,0.0,-99.9,0.0,26.3,0.0,88.6,0.0,33.2,0.0,86.6,0.0,32.4,0.0,-99.9,0.0,27.5
537,0.0,79.7,0.0,32.6,0.0,73.4,0.0,28.6,0.0,-99.9,0.0,27.3,0.0,-99.9,0.0,26.6,0.0,-99.9,0.0,26.3,0.0,82.3,0.0,30.8,0.0,80.6,0.0,31.2,0.0,-99.9,0.0,27.5
538,0.0,79.3,0.0,34.0,0.0,72.3,0.0,30.0,0.0,-99.9,0.0,27.3,0.0,-99.9,0.0,26.6,0.0,-99.9,0.0,26.3,0.0,81.1,0.0,32.7,0.0,79.5,0.0,32.9,0.0,-99.9,0.0,27.5
539,0.0,79.4,0.0,34.6,0.0,72.5,0.0,30.8,0.0,-99.9,0.0,27.3,0.0,-99.9,0.0,26.6,0.0,-99.9,0.0,26.3,0.0,81.2,0.0,33.5,0.0,79.3,0.0,33.7,0.0,-99.9,0.0,27.5
540,0.0,79.5,0.0,35.0,0.0,73.1,0.0,31.4,0.0,-99.9,0.0,27.3,0.0,-99.9,0.0,26.6,0.0,-99.9,0.0,26.3,0.0,80.8,0.0,34.0,0.0,79.5,0.0,34.1,0.0,-99.9,0.0,27.5
541,0.0,79.1,0.0,35.2,0.0,72.5,0.0,31.7,0.0,-99.9,0.0,27.2,0.0,-99.9,0.0,26.6,0.0,-99.9,0.0,26.3,0.0,81.3,0.0,34.3,0.0,78.5,0.0,34.3,0.0,-99.9,0.0,27.5
542,0.0,80.0,0.0,35.4,0.0,73.0,0.0,32.0,0.0,-99.9,0.0,27.3,0.0,-99.9,0.0,26.6,0.0,-99.9,0.0,26.3,0.0,81.1,0.0,34.5,0.0,79.0,0.0,34.4,0.0,-99.9,0.0,27.5
543,0.0,80.3,0.0,35.5,0.0,72.6,0.0,32.1,0.0,-99.9,0.0,27.2,0.0,-99.9,0.0,26.6,0.0,-99.9,0.0,26.3,0.0,81.4,0.0,34.7,0.0,78.5,0.0,34.5,0.0,-99.9,0.0,27.5
544,0.0,79.8,0.0,35.6,0.0,72.7,0.0,32.3,0.0,-99.9,0.0,27.2,0.0,-99.9,0.0,26.6,0.0,-99.9,0.0,26.3,0.0,81.3,0.0,34.8,0.0,79.0,0.0,34.6,0.0,-99.9,0.0,27.5
545,0.0,80.0,0.0,35.6,0.0,72.7,0.0,32.4,0.0,-99.9,0.0,27.3,0.0,-99.9,0.0,26.6,0.0,-99.9,0.0,26.3,0.0,81.2,0.0,34.9,0.0,79.3,0.0,34.6,0.0,-99.9,0.0,27.5
546,0.0,79.4,0.0,35.7,0.0,72.8,0.0,32.5,0.0,-99.9,0.0,27.3,0.0,-99.9,0.0,26.6,0.0,-99.9,0.0,26.3,0.0,81.5,0.0,35.0,0.0,79.3,0.0,34.7,0.0,-99.9,0.0,27.5
547,0.0,79.3,0.0,35.7,0.0,72.8,0.0,32.6,0.0,-99.9,0.0,27.3,0.0,-99.9,0.0,26.6,0.0,-99.9,0.0,26.3,0.0,81.3,0.0,35.0,0.0,79.3,0.0,34.7,0.0,-99.9,0.0,27.5
